-- MySQL dump 10.13  Distrib 8.0.19, for macos10.15 (x86_64)
--
-- Host: localhost    Database: demo
-- ------------------------------------------------------
-- Server version	8.0.19

/*!40101 SET @OLD_CHARACTER_SET_CLIENT=@@CHARACTER_SET_CLIENT */;
/*!40101 SET @OLD_CHARACTER_SET_RESULTS=@@CHARACTER_SET_RESULTS */;
/*!40101 SET @OLD_COLLATION_CONNECTION=@@COLLATION_CONNECTION */;
/*!50503 SET NAMES utf8 */;
/*!40103 SET @OLD_TIME_ZONE=@@TIME_ZONE */;
/*!40103 SET TIME_ZONE='+00:00' */;
/*!40014 SET @OLD_UNIQUE_CHECKS=@@UNIQUE_CHECKS, UNIQUE_CHECKS=0 */;
/*!40014 SET @OLD_FOREIGN_KEY_CHECKS=@@FOREIGN_KEY_CHECKS, FOREIGN_KEY_CHECKS=0 */;
/*!40101 SET @OLD_SQL_MODE=@@SQL_MODE, SQL_MODE='NO_AUTO_VALUE_ON_ZERO' */;
/*!40111 SET @OLD_SQL_NOTES=@@SQL_NOTES, SQL_NOTES=0 */;

--
-- Table structure for table `comment_info`
--

DROP TABLE IF EXISTS `comment_info`;
/*!40101 SET @saved_cs_client     = @@character_set_client */;
/*!50503 SET character_set_client = utf8mb4 */;
CREATE TABLE `comment_info` (
  `comment_id` int NOT NULL AUTO_INCREMENT,
  `owner_id` int DEFAULT NULL,
  `comment_for` varchar(255) DEFAULT NULL,
  `comment` varchar(255) DEFAULT NULL,
  `comment_date` datetime DEFAULT NULL,
  `sent_by` varchar(255) DEFAULT NULL,
  `status` int DEFAULT NULL,
  `created_at` datetime DEFAULT CURRENT_TIMESTAMP,
  `modified_at` datetime NOT NULL DEFAULT CURRENT_TIMESTAMP,
  PRIMARY KEY (`comment_id`)
) ENGINE=InnoDB DEFAULT CHARSET=latin1;
/*!40101 SET character_set_client = @saved_cs_client */;

--
-- Dumping data for table `comment_info`
--

LOCK TABLES `comment_info` WRITE;
/*!40000 ALTER TABLE `comment_info` DISABLE KEYS */;
/*!40000 ALTER TABLE `comment_info` ENABLE KEYS */;
UNLOCK TABLES;

--
-- Table structure for table `master_table`
--

DROP TABLE IF EXISTS `master_table`;
/*!40101 SET @saved_cs_client     = @@character_set_client */;
/*!50503 SET character_set_client = utf8mb4 */;
CREATE TABLE `master_table` (
  `master_table_id` int NOT NULL AUTO_INCREMENT,
  `master_for` varchar(255) DEFAULT NULL,
  `master_key` varchar(255) DEFAULT NULL,
  `master_value` varchar(255) DEFAULT NULL,
  `status` int NOT NULL DEFAULT '1',
  `created_at` datetime NOT NULL DEFAULT CURRENT_TIMESTAMP,
  `modified_at` datetime DEFAULT NULL,
  PRIMARY KEY (`master_table_id`)
) ENGINE=InnoDB AUTO_INCREMENT=82 DEFAULT CHARSET=latin1;
/*!40101 SET character_set_client = @saved_cs_client */;

--
-- Dumping data for table `master_table`
--

LOCK TABLES `master_table` WRITE;
/*!40000 ALTER TABLE `master_table` DISABLE KEYS */;
/*!40000 ALTER TABLE `master_table` ENABLE KEYS */;
UNLOCK TABLES;

--
-- Table structure for table `occupancy_info`
--

DROP TABLE IF EXISTS `occupancy_info`;
/*!40101 SET @saved_cs_client     = @@character_set_client */;
/*!50503 SET character_set_client = utf8mb4 */;
CREATE TABLE `occupancy_info` (
  `occupancy_id` int NOT NULL AUTO_INCREMENT,
  `property_id` int DEFAULT NULL,
  `date` datetime DEFAULT NULL,
  `property_rent_id` int DEFAULT NULL,
  `rent` varchar(255) DEFAULT NULL,
  `occupancy_status` int DEFAULT NULL,
  `status` int DEFAULT NULL,
  `created_at` datetime NOT NULL DEFAULT CURRENT_TIMESTAMP,
  `modified_at` datetime NOT NULL DEFAULT CURRENT_TIMESTAMP,
  PRIMARY KEY (`occupancy_id`)
) ENGINE=InnoDB AUTO_INCREMENT=607 DEFAULT CHARSET=latin1;
/*!40101 SET character_set_client = @saved_cs_client */;

--
-- Dumping data for table `occupancy_info`
--

LOCK TABLES `occupancy_info` WRITE;
/*!40000 ALTER TABLE `occupancy_info` DISABLE KEYS */;
INSERT INTO `occupancy_info` VALUES (1,1,'2020-02-15 00:00:00',1,'',1,1,'2020-02-16 00:56:15','2020-02-16 00:56:15'),(2,1,'2020-02-16 00:00:00',1,'',1,1,'2020-02-16 00:56:15','2020-02-16 00:56:15'),(3,1,'2020-02-17 00:00:00',1,'',1,1,'2020-02-16 00:56:15','2020-02-16 00:56:15'),(4,1,'2020-02-18 00:00:00',1,'',1,1,'2020-02-16 00:56:15','2020-02-16 00:56:15'),(5,1,'2020-02-19 00:00:00',1,'',1,1,'2020-02-16 00:56:15','2020-02-16 00:56:15'),(6,1,'2020-02-20 00:00:00',1,'',1,1,'2020-02-16 00:56:15','2020-02-16 00:56:15'),(7,1,'2020-02-21 00:00:00',1,'',1,1,'2020-02-16 00:56:15','2020-02-16 00:56:15'),(8,1,'2020-02-22 00:00:00',1,'',1,1,'2020-02-16 00:56:15','2020-02-16 00:56:15'),(9,1,'2020-02-23 00:00:00',1,'',1,1,'2020-02-16 00:56:15','2020-02-16 00:56:15'),(10,1,'2020-02-25 00:00:00',1,'',1,1,'2020-02-16 00:56:15','2020-02-16 00:56:15'),(11,1,'2020-02-26 00:00:00',1,'',1,1,'2020-02-16 00:56:15','2020-02-16 00:56:15'),(12,1,'2020-02-27 00:00:00',1,'',1,1,'2020-02-16 00:56:15','2020-02-16 00:56:15'),(13,1,'2020-03-06 00:00:00',1,'',1,1,'2020-02-16 00:56:16','2020-02-16 00:56:16'),(14,1,'2020-03-07 00:00:00',1,'',1,1,'2020-02-16 00:56:16','2020-02-16 00:56:16'),(15,1,'2020-03-08 00:00:00',1,'',1,1,'2020-02-16 00:56:16','2020-02-16 00:56:16'),(16,1,'2020-03-09 00:00:00',1,'',1,1,'2020-02-16 00:56:16','2020-02-16 00:56:16'),(17,1,'2020-03-27 00:00:00',1,'',1,1,'2020-02-16 00:56:16','2020-02-16 00:56:16'),(18,1,'2020-03-28 00:00:00',1,'',1,1,'2020-02-16 00:56:16','2020-02-16 00:56:16'),(19,1,'2020-03-29 00:00:00',1,'',1,1,'2020-02-16 00:56:16','2020-02-16 00:56:16'),(20,1,'2020-04-06 00:00:00',1,'',1,1,'2020-02-16 00:56:16','2020-02-16 00:56:16'),(21,1,'2020-04-07 00:00:00',1,'',1,1,'2020-02-16 00:56:16','2020-02-16 00:56:16'),(22,1,'2020-04-08 00:00:00',1,'',1,1,'2020-02-16 00:56:16','2020-02-16 00:56:16'),(23,1,'2020-04-09 00:00:00',1,'',1,1,'2020-02-16 00:56:16','2020-02-16 00:56:16'),(24,1,'2020-04-10 00:00:00',1,'',1,1,'2020-02-16 00:56:16','2020-02-16 00:56:16'),(25,1,'2020-04-11 00:00:00',1,'',1,1,'2020-02-16 00:56:16','2020-02-16 00:56:16'),(26,1,'2020-04-12 00:00:00',1,'',1,1,'2020-02-16 00:56:16','2020-02-16 00:56:16'),(27,1,'2020-04-13 00:00:00',1,'',1,1,'2020-02-16 00:56:16','2020-02-16 00:56:16'),(28,1,'2020-04-14 00:00:00',1,'',1,1,'2020-02-16 00:56:16','2020-02-16 00:56:16'),(29,1,'2020-04-15 00:00:00',1,'',1,1,'2020-02-16 00:56:16','2020-02-16 00:56:16'),(30,1,'2020-04-16 00:00:00',1,'',1,1,'2020-02-16 00:56:16','2020-02-16 00:56:16'),(31,1,'2020-05-22 00:00:00',1,'',1,1,'2020-02-16 00:56:16','2020-02-16 00:56:16'),(32,1,'2020-05-23 00:00:00',1,'',1,1,'2020-02-16 00:56:16','2020-02-16 00:56:16'),(33,1,'2020-05-24 00:00:00',1,'',1,1,'2020-02-16 00:56:17','2020-02-16 00:56:17'),(34,1,'2020-11-06 00:00:00',1,'',1,1,'2020-02-16 00:56:17','2020-02-16 00:56:17'),(35,1,'2020-11-07 00:00:00',1,'',1,1,'2020-02-16 00:56:17','2020-02-16 00:56:17'),(36,1,'2020-11-08 00:00:00',1,'',1,1,'2020-02-16 00:56:17','2020-02-16 00:56:17'),(37,1,'2020-11-09 00:00:00',1,'',1,1,'2020-02-16 00:56:17','2020-02-16 00:56:17'),(38,1,'2020-11-10 00:00:00',1,'',1,1,'2020-02-16 00:56:17','2020-02-16 00:56:17'),(39,1,'2020-11-11 00:00:00',1,'',1,1,'2020-02-16 00:56:17','2020-02-16 00:56:17'),(40,1,'2020-11-12 00:00:00',1,'',1,1,'2020-02-16 00:56:17','2020-02-16 00:56:17'),(41,1,'2020-11-13 00:00:00',1,'',1,1,'2020-02-16 00:56:18','2020-02-16 00:56:18'),(42,1,'2020-11-14 00:00:00',1,'',1,1,'2020-02-16 00:56:18','2020-02-16 00:56:18'),(43,1,'2020-11-15 00:00:00',1,'',1,1,'2020-02-16 00:56:18','2020-02-16 00:56:18'),(44,1,'2020-11-16 00:00:00',1,'',1,1,'2020-02-16 00:56:18','2020-02-16 00:56:18'),(45,1,'2020-11-17 00:00:00',1,'',1,1,'2020-02-16 00:56:18','2020-02-16 00:56:18'),(46,1,'2020-11-18 00:00:00',1,'',1,1,'2020-02-16 00:56:18','2020-02-16 00:56:18'),(47,1,'2020-11-19 00:00:00',1,'',1,1,'2020-02-16 00:56:18','2020-02-16 00:56:18'),(48,1,'2020-11-20 00:00:00',1,'',1,1,'2020-02-16 00:56:18','2020-02-16 00:56:18'),(49,1,'2020-11-21 00:00:00',1,'',1,1,'2020-02-16 00:56:18','2020-02-16 00:56:18'),(50,1,'2020-11-22 00:00:00',1,'',1,1,'2020-02-16 00:56:18','2020-02-16 00:56:18'),(51,1,'2020-11-23 00:00:00',1,'',1,1,'2020-02-16 00:56:19','2020-02-16 00:56:19'),(52,1,'2020-11-24 00:00:00',1,'',1,1,'2020-02-16 00:56:19','2020-02-16 00:56:19'),(53,1,'2020-11-25 00:00:00',1,'',1,1,'2020-02-16 00:56:19','2020-02-16 00:56:19'),(54,1,'2020-11-26 00:00:00',1,'',1,1,'2020-02-16 00:56:19','2020-02-16 00:56:19'),(55,1,'2020-11-27 00:00:00',1,'',1,1,'2020-02-16 00:56:19','2020-02-16 00:56:19'),(56,1,'2020-11-28 00:00:00',1,'',1,1,'2020-02-16 00:56:19','2020-02-16 00:56:19'),(57,1,'2020-11-29 00:00:00',1,'',1,1,'2020-02-16 00:56:19','2020-02-16 00:56:19'),(58,1,'2020-11-30 00:00:00',1,'',1,1,'2020-02-16 00:56:19','2020-02-16 00:56:19'),(59,1,'2020-12-01 00:00:00',1,'',1,1,'2020-02-16 00:56:19','2020-02-16 00:56:19'),(60,1,'2020-12-02 00:00:00',1,'',1,1,'2020-02-16 00:56:20','2020-02-16 00:56:20'),(61,1,'2020-12-03 00:00:00',1,'',1,1,'2020-02-16 00:56:20','2020-02-16 00:56:20'),(62,1,'2020-12-04 00:00:00',1,'',1,1,'2020-02-16 00:56:20','2020-02-16 00:56:20'),(63,1,'2020-12-05 00:00:00',1,'',1,1,'2020-02-16 00:56:20','2020-02-16 00:56:20'),(64,1,'2020-12-06 00:00:00',1,'',1,1,'2020-02-16 00:56:20','2020-02-16 00:56:20'),(65,1,'2020-12-07 00:00:00',1,'',1,1,'2020-02-16 00:56:20','2020-02-16 00:56:20'),(66,1,'2020-12-08 00:00:00',1,'',1,1,'2020-02-16 00:56:20','2020-02-16 00:56:20'),(67,1,'2020-12-09 00:00:00',1,'',1,1,'2020-02-16 00:56:21','2020-02-16 00:56:21'),(68,1,'2020-12-10 00:00:00',1,'',1,1,'2020-02-16 00:56:21','2020-02-16 00:56:21'),(69,1,'2020-12-11 00:00:00',1,'',1,1,'2020-02-16 00:56:21','2020-02-16 00:56:21'),(70,1,'2020-12-12 00:00:00',1,'',1,1,'2020-02-16 00:56:21','2020-02-16 00:56:21'),(71,1,'2020-12-13 00:00:00',1,'',1,1,'2020-02-16 00:56:21','2020-02-16 00:56:21'),(72,1,'2020-12-14 00:00:00',1,'',1,1,'2020-02-16 00:56:21','2020-02-16 00:56:21'),(73,1,'2020-12-15 00:00:00',1,'',1,1,'2020-02-16 00:56:21','2020-02-16 00:56:21'),(74,1,'2020-12-16 00:00:00',1,'',1,1,'2020-02-16 00:56:22','2020-02-16 00:56:22'),(75,1,'2020-12-17 00:00:00',1,'',1,1,'2020-02-16 00:56:22','2020-02-16 00:56:22'),(76,1,'2020-12-18 00:00:00',1,'',1,1,'2020-02-16 00:56:22','2020-02-16 00:56:22'),(77,1,'2020-12-19 00:00:00',1,'',1,1,'2020-02-16 00:56:22','2020-02-16 00:56:22'),(78,1,'2020-12-20 00:00:00',1,'',1,1,'2020-02-16 00:56:22','2020-02-16 00:56:22'),(79,1,'2020-12-21 00:00:00',1,'',1,1,'2020-02-16 00:56:22','2020-02-16 00:56:22'),(80,1,'2020-12-22 00:00:00',1,'',1,1,'2020-02-16 00:56:22','2020-02-16 00:56:22'),(81,1,'2020-12-23 00:00:00',1,'',1,1,'2020-02-16 00:56:23','2020-02-16 00:56:23'),(82,1,'2020-12-24 00:00:00',1,'',1,1,'2020-02-16 00:56:23','2020-02-16 00:56:23'),(83,1,'2020-12-25 00:00:00',1,'',1,1,'2020-02-16 00:56:23','2020-02-16 00:56:23'),(84,1,'2020-12-26 00:00:00',1,'',1,1,'2020-02-16 00:56:23','2020-02-16 00:56:23'),(85,1,'2020-12-27 00:00:00',1,'',1,1,'2020-02-16 00:56:23','2020-02-16 00:56:23'),(86,1,'2020-12-28 00:00:00',1,'',1,1,'2020-02-16 00:56:24','2020-02-16 00:56:24'),(87,1,'2020-12-29 00:00:00',1,'',1,1,'2020-02-16 00:56:24','2020-02-16 00:56:24'),(88,1,'2020-12-30 00:00:00',1,'',1,1,'2020-02-16 00:56:24','2020-02-16 00:56:24'),(89,1,'2020-12-31 00:00:00',1,'',1,1,'2020-02-16 00:56:24','2020-02-16 00:56:24'),(90,1,'2021-01-01 00:00:00',1,'',1,1,'2020-02-16 00:56:24','2020-02-16 00:56:24'),(91,1,'2021-01-02 00:00:00',1,'',1,1,'2020-02-16 00:56:25','2020-02-16 00:56:25'),(92,1,'2021-01-03 00:00:00',1,'',1,1,'2020-02-16 00:56:25','2020-02-16 00:56:25'),(93,1,'2021-01-04 00:00:00',1,'',1,1,'2020-02-16 00:56:25','2020-02-16 00:56:25'),(94,1,'2021-01-05 00:00:00',1,'',1,1,'2020-02-16 00:56:25','2020-02-16 00:56:25'),(95,1,'2021-01-06 00:00:00',1,'',1,1,'2020-02-16 00:56:25','2020-02-16 00:56:25'),(96,1,'2021-01-07 00:00:00',1,'',1,1,'2020-02-16 00:56:26','2020-02-16 00:56:26'),(97,1,'2021-01-08 00:00:00',1,'',1,1,'2020-02-16 00:56:26','2020-02-16 00:56:26'),(98,1,'2021-01-09 00:00:00',1,'',1,1,'2020-02-16 00:56:26','2020-02-16 00:56:26'),(99,1,'2021-01-10 00:00:00',1,'',1,1,'2020-02-16 00:56:26','2020-02-16 00:56:26'),(100,1,'2021-01-11 00:00:00',1,'',1,1,'2020-02-16 00:56:26','2020-02-16 00:56:26'),(101,1,'2021-01-12 00:00:00',1,'',1,1,'2020-02-16 00:56:27','2020-02-16 00:56:27'),(102,1,'2021-01-13 00:00:00',1,'',1,1,'2020-02-16 00:56:27','2020-02-16 00:56:27'),(103,1,'2021-01-14 00:00:00',1,'',1,1,'2020-02-16 00:56:27','2020-02-16 00:56:27'),(104,1,'2021-01-15 00:00:00',1,'',1,1,'2020-02-16 00:56:27','2020-02-16 00:56:27'),(105,1,'2021-01-16 00:00:00',1,'',1,1,'2020-02-16 00:56:27','2020-02-16 00:56:27'),(106,1,'2021-01-17 00:00:00',1,'',1,1,'2020-02-16 00:56:28','2020-02-16 00:56:28'),(107,1,'2021-01-18 00:00:00',1,'',1,1,'2020-02-16 00:56:28','2020-02-16 00:56:28'),(108,1,'2021-01-19 00:00:00',1,'',1,1,'2020-02-16 00:56:28','2020-02-16 00:56:28'),(109,1,'2021-01-20 00:00:00',1,'',1,1,'2020-02-16 00:56:28','2020-02-16 00:56:28'),(110,1,'2021-01-21 00:00:00',1,'',1,1,'2020-02-16 00:56:29','2020-02-16 00:56:29'),(111,1,'2021-01-22 00:00:00',1,'',1,1,'2020-02-16 00:56:29','2020-02-16 00:56:29'),(112,1,'2021-01-23 00:00:00',1,'',1,1,'2020-02-16 00:56:29','2020-02-16 00:56:29'),(113,1,'2021-01-24 00:00:00',1,'',1,1,'2020-02-16 00:56:29','2020-02-16 00:56:29'),(114,1,'2021-01-25 00:00:00',1,'',1,1,'2020-02-16 00:56:29','2020-02-16 00:56:29'),(115,1,'2021-01-26 00:00:00',1,'',1,1,'2020-02-16 00:56:30','2020-02-16 00:56:30'),(116,1,'2021-01-27 00:00:00',1,'',1,1,'2020-02-16 00:56:30','2020-02-16 00:56:30'),(117,1,'2021-01-28 00:00:00',1,'',1,1,'2020-02-16 00:56:30','2020-02-16 00:56:30'),(118,1,'2021-01-29 00:00:00',1,'',1,1,'2020-02-16 00:56:30','2020-02-16 00:56:30'),(119,1,'2021-01-30 00:00:00',1,'',1,1,'2020-02-16 00:56:31','2020-02-16 00:56:31'),(120,1,'2021-01-31 00:00:00',1,'',1,1,'2020-02-16 00:56:31','2020-02-16 00:56:31'),(121,1,'2021-02-01 00:00:00',1,'',1,1,'2020-02-16 00:56:31','2020-02-16 00:56:31'),(122,1,'2021-02-02 00:00:00',1,'',1,1,'2020-02-16 00:56:31','2020-02-16 00:56:31'),(123,1,'2021-02-03 00:00:00',1,'',1,1,'2020-02-16 00:56:32','2020-02-16 00:56:32'),(124,1,'2021-02-04 00:00:00',1,'',1,1,'2020-02-16 00:56:32','2020-02-16 00:56:32'),(125,1,'2021-02-05 00:00:00',1,'',1,1,'2020-02-16 00:56:33','2020-02-16 00:56:33'),(126,1,'2021-02-06 00:00:00',1,'',1,1,'2020-02-16 00:56:33','2020-02-16 00:56:33'),(127,1,'2021-02-07 00:00:00',1,'',1,1,'2020-02-16 00:56:33','2020-02-16 00:56:33'),(128,1,'2021-02-08 00:00:00',1,'',1,1,'2020-02-16 00:56:34','2020-02-16 00:56:34'),(129,1,'2021-02-09 00:00:00',1,'',1,1,'2020-02-16 00:56:34','2020-02-16 00:56:34'),(130,1,'2021-02-10 00:00:00',1,'',1,1,'2020-02-16 00:56:34','2020-02-16 00:56:34'),(131,1,'2021-02-11 00:00:00',1,'',1,1,'2020-02-16 00:56:35','2020-02-16 00:56:35'),(132,1,'2021-02-12 00:00:00',1,'',1,1,'2020-02-16 00:56:35','2020-02-16 00:56:35'),(133,1,'2021-02-13 00:00:00',1,'',1,1,'2020-02-16 00:56:35','2020-02-16 00:56:35'),(134,1,'2021-02-14 00:00:00',1,'',1,1,'2020-02-16 00:56:35','2020-02-16 00:56:35'),(135,1,'2021-02-15 00:00:00',1,'',1,1,'2020-02-16 00:56:36','2020-02-16 00:56:36'),(136,1,'2021-02-16 00:00:00',1,'',1,1,'2020-02-16 00:56:36','2020-02-16 00:56:36'),(137,1,'2021-02-17 00:00:00',1,'',1,1,'2020-02-16 00:56:36','2020-02-16 00:56:36'),(138,1,'2021-02-18 00:00:00',1,'',1,1,'2020-02-16 00:56:37','2020-02-16 00:56:37'),(139,1,'2021-02-19 00:00:00',1,'',1,1,'2020-02-16 00:56:37','2020-02-16 00:56:37'),(140,1,'2021-02-20 00:00:00',1,'',1,1,'2020-02-16 00:56:37','2020-02-16 00:56:37'),(141,1,'2021-02-21 00:00:00',1,'',1,1,'2020-02-16 00:56:38','2020-02-16 00:56:38'),(142,1,'2021-02-22 00:00:00',1,'',1,1,'2020-02-16 00:56:38','2020-02-16 00:56:38'),(143,1,'2021-02-23 00:00:00',1,'',1,1,'2020-02-16 00:56:39','2020-02-16 00:56:39'),(144,1,'2021-02-24 00:00:00',1,'',1,1,'2020-02-16 00:56:39','2020-02-16 00:56:39'),(145,1,'2021-02-25 00:00:00',1,'',1,1,'2020-02-16 00:56:39','2020-02-16 00:56:39'),(146,1,'2021-02-26 00:00:00',1,'',1,1,'2020-02-16 00:56:40','2020-02-16 00:56:40'),(147,1,'2021-02-27 00:00:00',1,'',1,1,'2020-02-16 00:56:40','2020-02-16 00:56:40'),(148,1,'2021-02-28 00:00:00',1,'',1,1,'2020-02-16 00:56:41','2020-02-16 00:56:41'),(149,1,'2021-03-01 00:00:00',1,'',1,1,'2020-02-16 00:56:41','2020-02-16 00:56:41'),(150,1,'2021-03-02 00:00:00',1,'',1,1,'2020-02-16 00:56:41','2020-02-16 00:56:41'),(151,1,'2021-03-03 00:00:00',1,'',1,1,'2020-02-16 00:56:42','2020-02-16 00:56:42'),(152,1,'2021-03-04 00:00:00',1,'',1,1,'2020-02-16 00:56:42','2020-02-16 00:56:42'),(153,1,'2021-03-05 00:00:00',1,'',1,1,'2020-02-16 00:56:43','2020-02-16 00:56:43'),(154,1,'2021-03-06 00:00:00',1,'',1,1,'2020-02-16 00:56:43','2020-02-16 00:56:43'),(155,1,'2021-03-07 00:00:00',1,'',1,1,'2020-02-16 00:56:43','2020-02-16 00:56:43'),(156,1,'2021-03-08 00:00:00',1,'',1,1,'2020-02-16 00:56:44','2020-02-16 00:56:44'),(157,1,'2021-03-09 00:00:00',1,'',1,1,'2020-02-16 00:56:44','2020-02-16 00:56:44'),(158,1,'2021-03-10 00:00:00',1,'',1,1,'2020-02-16 00:56:45','2020-02-16 00:56:45'),(159,1,'2021-03-11 00:00:00',1,'',1,1,'2020-02-16 00:56:45','2020-02-16 00:56:45'),(160,1,'2021-03-12 00:00:00',1,'',1,1,'2020-02-16 00:56:46','2020-02-16 00:56:46'),(161,1,'2021-03-13 00:00:00',1,'',1,1,'2020-02-16 00:56:46','2020-02-16 00:56:46'),(162,1,'2021-03-14 00:00:00',1,'',1,1,'2020-02-16 00:56:47','2020-02-16 00:56:47'),(163,1,'2021-03-15 00:00:00',1,'',1,1,'2020-02-16 00:56:47','2020-02-16 00:56:47'),(164,1,'2021-03-16 00:00:00',1,'',1,1,'2020-02-16 00:56:48','2020-02-16 00:56:48'),(165,1,'2021-03-17 00:00:00',1,'',1,1,'2020-02-16 00:56:48','2020-02-16 00:56:48'),(166,1,'2021-03-18 00:00:00',1,'',1,1,'2020-02-16 00:56:49','2020-02-16 00:56:49'),(167,1,'2021-03-19 00:00:00',1,'',1,1,'2020-02-16 00:56:49','2020-02-16 00:56:49'),(168,1,'2021-03-20 00:00:00',1,'',1,1,'2020-02-16 00:56:49','2020-02-16 00:56:49'),(169,1,'2021-03-21 00:00:00',1,'',1,1,'2020-02-16 00:56:50','2020-02-16 00:56:50'),(170,1,'2021-03-22 00:00:00',1,'',1,1,'2020-02-16 00:56:51','2020-02-16 00:56:51'),(171,1,'2021-03-23 00:00:00',1,'',1,1,'2020-02-16 00:56:51','2020-02-16 00:56:51'),(172,1,'2021-03-24 00:00:00',1,'',1,1,'2020-02-16 00:56:52','2020-02-16 00:56:52'),(173,1,'2021-03-25 00:00:00',1,'',1,1,'2020-02-16 00:56:52','2020-02-16 00:56:52'),(174,1,'2021-03-26 00:00:00',1,'',1,1,'2020-02-16 00:56:52','2020-02-16 00:56:52'),(175,1,'2021-03-27 00:00:00',1,'',1,1,'2020-02-16 00:56:53','2020-02-16 00:56:53'),(176,1,'2021-03-28 00:00:00',1,'',1,1,'2020-02-16 00:56:53','2020-02-16 00:56:53'),(177,1,'2021-03-29 00:00:00',1,'',1,1,'2020-02-16 00:56:54','2020-02-16 00:56:54'),(178,1,'2021-03-30 00:00:00',1,'',1,1,'2020-02-16 00:56:54','2020-02-16 00:56:54'),(179,1,'2021-03-31 00:00:00',1,'',1,1,'2020-02-16 00:56:55','2020-02-16 00:56:55'),(180,1,'2021-04-01 00:00:00',1,'',1,1,'2020-02-16 00:56:55','2020-02-16 00:56:55'),(181,1,'2021-04-02 00:00:00',1,'',1,1,'2020-02-16 00:56:56','2020-02-16 00:56:56'),(182,1,'2021-04-03 00:00:00',1,'',1,1,'2020-02-16 00:56:56','2020-02-16 00:56:56'),(183,1,'2021-04-04 00:00:00',1,'',1,1,'2020-02-16 00:56:57','2020-02-16 00:56:57'),(184,1,'2021-04-05 00:00:00',1,'',1,1,'2020-02-16 00:56:57','2020-02-16 00:56:57'),(185,1,'2021-04-06 00:00:00',1,'',1,1,'2020-02-16 00:56:57','2020-02-16 00:56:57'),(186,1,'2021-04-07 00:00:00',1,'',1,1,'2020-02-16 00:56:58','2020-02-16 00:56:58'),(187,1,'2021-04-08 00:00:00',1,'',1,1,'2020-02-16 00:56:59','2020-02-16 00:56:59'),(188,1,'2021-04-09 00:00:00',1,'',1,1,'2020-02-16 00:56:59','2020-02-16 00:56:59'),(189,1,'2021-04-10 00:00:00',1,'',1,1,'2020-02-16 00:57:00','2020-02-16 00:57:00'),(190,1,'2021-04-11 00:00:00',1,'',1,1,'2020-02-16 00:57:00','2020-02-16 00:57:00'),(191,1,'2021-04-12 00:00:00',1,'',1,1,'2020-02-16 00:57:01','2020-02-16 00:57:01'),(192,1,'2021-04-13 00:00:00',1,'',1,1,'2020-02-16 00:57:02','2020-02-16 00:57:02'),(193,1,'2021-04-14 00:00:00',1,'',1,1,'2020-02-16 00:57:02','2020-02-16 00:57:02'),(194,1,'2021-04-15 00:00:00',1,'',1,1,'2020-02-16 00:57:03','2020-02-16 00:57:03'),(195,1,'2021-04-16 00:00:00',1,'',1,1,'2020-02-16 00:57:03','2020-02-16 00:57:03'),(196,1,'2021-04-17 00:00:00',1,'',1,1,'2020-02-16 00:57:04','2020-02-16 00:57:04'),(197,1,'2021-04-18 00:00:00',1,'',1,1,'2020-02-16 00:57:05','2020-02-16 00:57:05'),(198,1,'2021-04-19 00:00:00',1,'',1,1,'2020-02-16 00:57:05','2020-02-16 00:57:05'),(199,1,'2021-04-20 00:00:00',1,'',1,1,'2020-02-16 00:57:06','2020-02-16 00:57:06'),(200,1,'2021-04-21 00:00:00',1,'',1,1,'2020-02-16 00:57:06','2020-02-16 00:57:06'),(201,1,'2021-04-22 00:00:00',1,'',1,1,'2020-02-16 00:57:07','2020-02-16 00:57:07'),(202,1,'2021-04-23 00:00:00',1,'',1,1,'2020-02-16 00:57:07','2020-02-16 00:57:07'),(203,1,'2021-04-24 00:00:00',1,'',1,1,'2020-02-16 00:57:08','2020-02-16 00:57:08'),(204,1,'2021-04-25 00:00:00',1,'',1,1,'2020-02-16 00:57:09','2020-02-16 00:57:09'),(205,1,'2021-04-26 00:00:00',1,'',1,1,'2020-02-16 00:57:10','2020-02-16 00:57:10'),(206,1,'2021-04-27 00:00:00',1,'',1,1,'2020-02-16 00:57:10','2020-02-16 00:57:10'),(207,1,'2021-04-28 00:00:00',1,'',1,1,'2020-02-16 00:57:11','2020-02-16 00:57:11'),(208,1,'2021-04-29 00:00:00',1,'',1,1,'2020-02-16 00:57:12','2020-02-16 00:57:12'),(209,1,'2021-04-30 00:00:00',1,'',1,1,'2020-02-16 00:57:12','2020-02-16 00:57:12'),(210,1,'2021-05-01 00:00:00',1,'',1,1,'2020-02-16 00:57:14','2020-02-16 00:57:14'),(211,1,'2021-05-02 00:00:00',1,'',1,1,'2020-02-16 00:57:15','2020-02-16 00:57:15'),(212,1,'2021-05-03 00:00:00',1,'',1,1,'2020-02-16 00:57:15','2020-02-16 00:57:15'),(213,1,'2021-05-04 00:00:00',1,'',1,1,'2020-02-16 00:57:17','2020-02-16 00:57:17'),(214,1,'2021-05-05 00:00:00',1,'',1,1,'2020-02-16 00:57:18','2020-02-16 00:57:18'),(215,1,'2021-05-06 00:00:00',1,'',1,1,'2020-02-16 00:57:19','2020-02-16 00:57:19'),(216,1,'2021-05-07 00:00:00',1,'',1,1,'2020-02-16 00:57:20','2020-02-16 00:57:20'),(217,1,'2021-05-08 00:00:00',1,'',1,1,'2020-02-16 00:57:21','2020-02-16 00:57:21'),(218,1,'2021-05-09 00:00:00',1,'',1,1,'2020-02-16 00:57:21','2020-02-16 00:57:21'),(219,1,'2021-05-10 00:00:00',1,'',1,1,'2020-02-16 00:57:23','2020-02-16 00:57:23'),(220,2,'2020-02-15 00:00:00',1,'',1,1,'2020-02-16 00:57:24','2020-02-16 00:57:24'),(221,2,'2020-02-16 00:00:00',1,'',1,1,'2020-02-16 00:57:24','2020-02-16 00:57:24'),(222,2,'2020-02-17 00:00:00',1,'',1,1,'2020-02-16 00:57:24','2020-02-16 00:57:24'),(223,2,'2020-02-18 00:00:00',1,'',1,1,'2020-02-16 00:57:24','2020-02-16 00:57:24'),(224,2,'2020-02-19 00:00:00',1,'',1,1,'2020-02-16 00:57:24','2020-02-16 00:57:24'),(225,2,'2020-02-20 00:00:00',1,'',1,1,'2020-02-16 00:57:24','2020-02-16 00:57:24'),(226,2,'2020-02-21 00:00:00',1,'',1,1,'2020-02-16 00:57:24','2020-02-16 00:57:24'),(227,2,'2020-02-22 00:00:00',1,'',1,1,'2020-02-16 00:57:24','2020-02-16 00:57:24'),(228,2,'2020-02-23 00:00:00',1,'',1,1,'2020-02-16 00:57:24','2020-02-16 00:57:24'),(229,2,'2020-02-26 00:00:00',1,'',1,1,'2020-02-16 00:57:24','2020-02-16 00:57:24'),(230,2,'2020-02-27 00:00:00',1,'',1,1,'2020-02-16 00:57:24','2020-02-16 00:57:24'),(231,2,'2020-02-28 00:00:00',1,'',1,1,'2020-02-16 00:57:24','2020-02-16 00:57:24'),(232,2,'2020-03-06 00:00:00',1,'',1,1,'2020-02-16 00:57:24','2020-02-16 00:57:24'),(233,2,'2020-03-07 00:00:00',1,'',1,1,'2020-02-16 00:57:25','2020-02-16 00:57:25'),(234,2,'2020-03-08 00:00:00',1,'',1,1,'2020-02-16 00:57:25','2020-02-16 00:57:25'),(235,2,'2020-03-09 00:00:00',1,'',1,1,'2020-02-16 00:57:25','2020-02-16 00:57:25'),(236,2,'2020-03-15 00:00:00',1,'',1,1,'2020-02-16 00:57:25','2020-02-16 00:57:25'),(237,2,'2020-03-16 00:00:00',1,'',1,1,'2020-02-16 00:57:25','2020-02-16 00:57:25'),(238,2,'2020-03-17 00:00:00',1,'',1,1,'2020-02-16 00:57:25','2020-02-16 00:57:25'),(239,2,'2020-03-18 00:00:00',1,'',1,1,'2020-02-16 00:57:25','2020-02-16 00:57:25'),(240,2,'2020-03-19 00:00:00',1,'',1,1,'2020-02-16 00:57:25','2020-02-16 00:57:25'),(241,2,'2020-03-20 00:00:00',1,'',1,1,'2020-02-16 00:57:25','2020-02-16 00:57:25'),(242,2,'2020-03-21 00:00:00',1,'',1,1,'2020-02-16 00:57:25','2020-02-16 00:57:25'),(243,2,'2020-03-22 00:00:00',1,'',1,1,'2020-02-16 00:57:25','2020-02-16 00:57:25'),(244,2,'2020-03-23 00:00:00',1,'',1,1,'2020-02-16 00:57:26','2020-02-16 00:57:26'),(245,2,'2020-03-26 00:00:00',1,'',1,1,'2020-02-16 00:57:26','2020-02-16 00:57:26'),(246,2,'2020-03-27 00:00:00',1,'',1,1,'2020-02-16 00:57:26','2020-02-16 00:57:26'),(247,2,'2020-03-28 00:00:00',1,'',1,1,'2020-02-16 00:57:26','2020-02-16 00:57:26'),(248,2,'2020-04-02 00:00:00',1,'',1,1,'2020-02-16 00:57:26','2020-02-16 00:57:26'),(249,2,'2020-04-03 00:00:00',1,'',1,1,'2020-02-16 00:57:26','2020-02-16 00:57:26'),(250,2,'2020-04-04 00:00:00',1,'',1,1,'2020-02-16 00:57:26','2020-02-16 00:57:26'),(251,2,'2020-04-05 00:00:00',1,'',1,1,'2020-02-16 00:57:26','2020-02-16 00:57:26'),(252,2,'2020-04-06 00:00:00',1,'',1,1,'2020-02-16 00:57:26','2020-02-16 00:57:26'),(253,2,'2020-04-07 00:00:00',1,'',1,1,'2020-02-16 00:57:26','2020-02-16 00:57:26'),(254,2,'2020-04-08 00:00:00',1,'',1,1,'2020-02-16 00:57:26','2020-02-16 00:57:26'),(255,2,'2020-04-09 00:00:00',1,'',1,1,'2020-02-16 00:57:26','2020-02-16 00:57:26'),(256,2,'2020-04-10 00:00:00',1,'',1,1,'2020-02-16 00:57:27','2020-02-16 00:57:27'),(257,2,'2020-04-11 00:00:00',1,'',1,1,'2020-02-16 00:57:27','2020-02-16 00:57:27'),(258,2,'2020-04-12 00:00:00',1,'',1,1,'2020-02-16 00:57:27','2020-02-16 00:57:27'),(259,2,'2020-04-13 00:00:00',1,'',1,1,'2020-02-16 00:57:27','2020-02-16 00:57:27'),(260,2,'2020-04-14 00:00:00',1,'',1,1,'2020-02-16 00:57:27','2020-02-16 00:57:27'),(261,2,'2020-04-15 00:00:00',1,'',1,1,'2020-02-16 00:57:27','2020-02-16 00:57:27'),(262,2,'2020-04-16 00:00:00',1,'',1,1,'2020-02-16 00:57:27','2020-02-16 00:57:27'),(263,2,'2020-04-17 00:00:00',1,'',1,1,'2020-02-16 00:57:28','2020-02-16 00:57:28'),(264,2,'2020-04-18 00:00:00',1,'',1,1,'2020-02-16 00:57:28','2020-02-16 00:57:28'),(265,2,'2020-04-19 00:00:00',1,'',1,1,'2020-02-16 00:57:28','2020-02-16 00:57:28'),(266,2,'2020-04-25 00:00:00',1,'',1,1,'2020-02-16 00:57:28','2020-02-16 00:57:28'),(267,2,'2020-04-26 00:00:00',1,'',1,1,'2020-02-16 00:57:28','2020-02-16 00:57:28'),(268,2,'2020-04-27 00:00:00',1,'',1,1,'2020-02-16 00:57:28','2020-02-16 00:57:28'),(269,2,'2020-04-28 00:00:00',1,'',1,1,'2020-02-16 00:57:28','2020-02-16 00:57:28'),(270,2,'2020-04-29 00:00:00',1,'',1,1,'2020-02-16 00:57:28','2020-02-16 00:57:28'),(271,2,'2020-04-30 00:00:00',1,'',1,1,'2020-02-16 00:57:29','2020-02-16 00:57:29'),(272,2,'2020-05-01 00:00:00',1,'',1,1,'2020-02-16 00:57:29','2020-02-16 00:57:29'),(273,2,'2020-05-02 00:00:00',1,'',1,1,'2020-02-16 00:57:29','2020-02-16 00:57:29'),(274,2,'2020-05-03 00:00:00',1,'',1,1,'2020-02-16 00:57:29','2020-02-16 00:57:29'),(275,2,'2020-05-21 00:00:00',1,'',1,1,'2020-02-16 00:57:29','2020-02-16 00:57:29'),(276,2,'2020-05-22 00:00:00',1,'',1,1,'2020-02-16 00:57:30','2020-02-16 00:57:30'),(277,2,'2020-05-23 00:00:00',1,'',1,1,'2020-02-16 00:57:30','2020-02-16 00:57:30'),(278,2,'2020-05-24 00:00:00',1,'',1,1,'2020-02-16 00:57:30','2020-02-16 00:57:30'),(279,2,'2020-05-28 00:00:00',1,'',1,1,'2020-02-16 00:57:30','2020-02-16 00:57:30'),(280,2,'2020-05-29 00:00:00',1,'',1,1,'2020-02-16 00:57:31','2020-02-16 00:57:31'),(281,2,'2020-05-30 00:00:00',1,'',1,1,'2020-02-16 00:57:31','2020-02-16 00:57:31'),(282,2,'2020-05-31 00:00:00',1,'',1,1,'2020-02-16 00:57:31','2020-02-16 00:57:31'),(283,2,'2020-06-09 00:00:00',1,'',1,1,'2020-02-16 00:57:31','2020-02-16 00:57:31'),(284,2,'2020-06-10 00:00:00',1,'',1,1,'2020-02-16 00:57:31','2020-02-16 00:57:31'),(285,2,'2020-06-11 00:00:00',1,'',1,1,'2020-02-16 00:57:31','2020-02-16 00:57:31'),(286,2,'2020-06-12 00:00:00',1,'',1,1,'2020-02-16 00:57:32','2020-02-16 00:57:32'),(287,2,'2020-06-13 00:00:00',1,'',1,1,'2020-02-16 00:57:32','2020-02-16 00:57:32'),(288,2,'2020-06-14 00:00:00',1,'',1,1,'2020-02-16 00:57:32','2020-02-16 00:57:32'),(289,2,'2020-12-01 00:00:00',1,'',1,1,'2020-02-16 00:57:32','2020-02-16 00:57:32'),(290,2,'2020-12-02 00:00:00',1,'',1,1,'2020-02-16 00:57:32','2020-02-16 00:57:32'),(291,2,'2020-12-03 00:00:00',1,'',1,1,'2020-02-16 00:57:32','2020-02-16 00:57:32'),(292,2,'2020-12-04 00:00:00',1,'',1,1,'2020-02-16 00:57:33','2020-02-16 00:57:33'),(293,2,'2020-12-05 00:00:00',1,'',1,1,'2020-02-16 00:57:33','2020-02-16 00:57:33'),(294,2,'2020-12-06 00:00:00',1,'',1,1,'2020-02-16 00:57:33','2020-02-16 00:57:33'),(295,2,'2020-12-07 00:00:00',1,'',1,1,'2020-02-16 00:57:33','2020-02-16 00:57:33'),(296,2,'2020-12-08 00:00:00',1,'',1,1,'2020-02-16 00:57:33','2020-02-16 00:57:33'),(297,2,'2020-12-09 00:00:00',1,'',1,1,'2020-02-16 00:57:34','2020-02-16 00:57:34'),(298,2,'2020-12-10 00:00:00',1,'',1,1,'2020-02-16 00:57:34','2020-02-16 00:57:34'),(299,2,'2020-12-11 00:00:00',1,'',1,1,'2020-02-16 00:57:34','2020-02-16 00:57:34'),(300,2,'2020-12-12 00:00:00',1,'',1,1,'2020-02-16 00:57:35','2020-02-16 00:57:35'),(301,2,'2020-12-13 00:00:00',1,'',1,1,'2020-02-16 00:57:35','2020-02-16 00:57:35'),(302,2,'2020-12-14 00:00:00',1,'',1,1,'2020-02-16 00:57:35','2020-02-16 00:57:35'),(303,2,'2020-12-15 00:00:00',1,'',1,1,'2020-02-16 00:57:35','2020-02-16 00:57:35'),(304,2,'2020-12-16 00:00:00',1,'',1,1,'2020-02-16 00:57:36','2020-02-16 00:57:36'),(305,2,'2020-12-17 00:00:00',1,'',1,1,'2020-02-16 00:57:36','2020-02-16 00:57:36'),(306,2,'2020-12-18 00:00:00',1,'',1,1,'2020-02-16 00:57:36','2020-02-16 00:57:36'),(307,2,'2020-12-19 00:00:00',1,'',1,1,'2020-02-16 00:57:36','2020-02-16 00:57:36'),(308,2,'2020-12-20 00:00:00',1,'',1,1,'2020-02-16 00:57:37','2020-02-16 00:57:37'),(309,2,'2020-12-21 00:00:00',1,'',1,1,'2020-02-16 00:57:37','2020-02-16 00:57:37'),(310,2,'2020-12-22 00:00:00',1,'',1,1,'2020-02-16 00:57:37','2020-02-16 00:57:37'),(311,2,'2020-12-23 00:00:00',1,'',1,1,'2020-02-16 00:57:37','2020-02-16 00:57:37'),(312,2,'2020-12-24 00:00:00',1,'',1,1,'2020-02-16 00:57:38','2020-02-16 00:57:38'),(313,2,'2020-12-25 00:00:00',1,'',1,1,'2020-02-16 00:57:38','2020-02-16 00:57:38'),(314,2,'2020-12-26 00:00:00',1,'',1,1,'2020-02-16 00:57:38','2020-02-16 00:57:38'),(315,2,'2020-12-27 00:00:00',1,'',1,1,'2020-02-16 00:57:39','2020-02-16 00:57:39'),(316,2,'2020-12-28 00:00:00',1,'',1,1,'2020-02-16 00:57:39','2020-02-16 00:57:39'),(317,2,'2020-12-29 00:00:00',1,'',1,1,'2020-02-16 00:57:39','2020-02-16 00:57:39'),(318,2,'2020-12-30 00:00:00',1,'',1,1,'2020-02-16 00:57:39','2020-02-16 00:57:39'),(319,2,'2020-12-31 00:00:00',1,'',1,1,'2020-02-16 00:57:40','2020-02-16 00:57:40'),(320,2,'2021-01-01 00:00:00',1,'',1,1,'2020-02-16 00:57:40','2020-02-16 00:57:40'),(321,2,'2021-01-02 00:00:00',1,'',1,1,'2020-02-16 00:57:40','2020-02-16 00:57:40'),(322,2,'2021-01-03 00:00:00',1,'',1,1,'2020-02-16 00:57:41','2020-02-16 00:57:41'),(323,2,'2021-01-04 00:00:00',1,'',1,1,'2020-02-16 00:57:41','2020-02-16 00:57:41'),(324,2,'2021-01-05 00:00:00',1,'',1,1,'2020-02-16 00:57:41','2020-02-16 00:57:41'),(325,2,'2021-01-06 00:00:00',1,'',1,1,'2020-02-16 00:57:42','2020-02-16 00:57:42'),(326,2,'2021-01-07 00:00:00',1,'',1,1,'2020-02-16 00:57:42','2020-02-16 00:57:42'),(327,2,'2021-01-08 00:00:00',1,'',1,1,'2020-02-16 00:57:42','2020-02-16 00:57:42'),(328,2,'2021-01-09 00:00:00',1,'',1,1,'2020-02-16 00:57:43','2020-02-16 00:57:43'),(329,2,'2021-01-10 00:00:00',1,'',1,1,'2020-02-16 00:57:43','2020-02-16 00:57:43'),(330,2,'2021-01-11 00:00:00',1,'',1,1,'2020-02-16 00:57:43','2020-02-16 00:57:43'),(331,2,'2021-01-12 00:00:00',1,'',1,1,'2020-02-16 00:57:44','2020-02-16 00:57:44'),(332,2,'2021-01-13 00:00:00',1,'',1,1,'2020-02-16 00:57:44','2020-02-16 00:57:44'),(333,2,'2021-01-14 00:00:00',1,'',1,1,'2020-02-16 00:57:45','2020-02-16 00:57:45'),(334,2,'2021-01-15 00:00:00',1,'',1,1,'2020-02-16 00:57:45','2020-02-16 00:57:45'),(335,2,'2021-01-16 00:00:00',1,'',1,1,'2020-02-16 00:57:45','2020-02-16 00:57:45'),(336,2,'2021-01-17 00:00:00',1,'',1,1,'2020-02-16 00:57:46','2020-02-16 00:57:46'),(337,2,'2021-01-18 00:00:00',1,'',1,1,'2020-02-16 00:57:46','2020-02-16 00:57:46'),(338,2,'2021-01-19 00:00:00',1,'',1,1,'2020-02-16 00:57:46','2020-02-16 00:57:46'),(339,2,'2021-01-20 00:00:00',1,'',1,1,'2020-02-16 00:57:47','2020-02-16 00:57:47'),(340,2,'2021-01-21 00:00:00',1,'',1,1,'2020-02-16 00:57:47','2020-02-16 00:57:47'),(341,2,'2021-01-22 00:00:00',1,'',1,1,'2020-02-16 00:57:48','2020-02-16 00:57:48'),(342,2,'2021-01-23 00:00:00',1,'',1,1,'2020-02-16 00:57:48','2020-02-16 00:57:48'),(343,2,'2021-01-24 00:00:00',1,'',1,1,'2020-02-16 00:57:48','2020-02-16 00:57:48'),(344,2,'2021-01-25 00:00:00',1,'',1,1,'2020-02-16 00:57:49','2020-02-16 00:57:49'),(345,2,'2021-01-26 00:00:00',1,'',1,1,'2020-02-16 00:57:49','2020-02-16 00:57:49'),(346,2,'2021-01-27 00:00:00',1,'',1,1,'2020-02-16 00:57:50','2020-02-16 00:57:50'),(347,2,'2021-01-28 00:00:00',1,'',1,1,'2020-02-16 00:57:50','2020-02-16 00:57:50'),(348,2,'2021-01-29 00:00:00',1,'',1,1,'2020-02-16 00:57:50','2020-02-16 00:57:50'),(349,2,'2021-01-30 00:00:00',1,'',1,1,'2020-02-16 00:57:51','2020-02-16 00:57:51'),(350,2,'2021-01-31 00:00:00',1,'',1,1,'2020-02-16 00:57:51','2020-02-16 00:57:51'),(351,2,'2021-02-01 00:00:00',1,'',1,1,'2020-02-16 00:57:52','2020-02-16 00:57:52'),(352,2,'2021-02-02 00:00:00',1,'',1,1,'2020-02-16 00:57:52','2020-02-16 00:57:52'),(353,2,'2021-02-03 00:00:00',1,'',1,1,'2020-02-16 00:57:52','2020-02-16 00:57:52'),(354,2,'2021-02-04 00:00:00',1,'',1,1,'2020-02-16 00:57:53','2020-02-16 00:57:53'),(355,2,'2021-02-05 00:00:00',1,'',1,1,'2020-02-16 00:57:53','2020-02-16 00:57:53'),(356,2,'2021-02-06 00:00:00',1,'',1,1,'2020-02-16 00:57:54','2020-02-16 00:57:54'),(357,2,'2021-02-07 00:00:00',1,'',1,1,'2020-02-16 00:57:54','2020-02-16 00:57:54'),(358,2,'2021-02-08 00:00:00',1,'',1,1,'2020-02-16 00:57:55','2020-02-16 00:57:55'),(359,2,'2021-02-09 00:00:00',1,'',1,1,'2020-02-16 00:57:55','2020-02-16 00:57:55'),(360,2,'2021-02-10 00:00:00',1,'',1,1,'2020-02-16 00:57:56','2020-02-16 00:57:56'),(361,2,'2021-02-11 00:00:00',1,'',1,1,'2020-02-16 00:57:56','2020-02-16 00:57:56'),(362,2,'2021-02-12 00:00:00',1,'',1,1,'2020-02-16 00:57:57','2020-02-16 00:57:57'),(363,2,'2021-02-13 00:00:00',1,'',1,1,'2020-02-16 00:57:57','2020-02-16 00:57:57'),(364,2,'2021-02-14 00:00:00',1,'',1,1,'2020-02-16 00:57:58','2020-02-16 00:57:58'),(365,2,'2021-02-15 00:00:00',1,'',1,1,'2020-02-16 00:57:58','2020-02-16 00:57:58'),(366,2,'2021-02-16 00:00:00',1,'',1,1,'2020-02-16 00:57:59','2020-02-16 00:57:59'),(367,2,'2021-02-17 00:00:00',1,'',1,1,'2020-02-16 00:57:59','2020-02-16 00:57:59'),(368,2,'2021-02-18 00:00:00',1,'',1,1,'2020-02-16 00:58:00','2020-02-16 00:58:00'),(369,2,'2021-02-19 00:00:00',1,'',1,1,'2020-02-16 00:58:00','2020-02-16 00:58:00'),(370,2,'2021-02-20 00:00:00',1,'',1,1,'2020-02-16 00:58:01','2020-02-16 00:58:01'),(371,2,'2021-02-21 00:00:00',1,'',1,1,'2020-02-16 00:58:01','2020-02-16 00:58:01'),(372,2,'2021-02-22 00:00:00',1,'',1,1,'2020-02-16 00:58:02','2020-02-16 00:58:02'),(373,2,'2021-02-23 00:00:00',1,'',1,1,'2020-02-16 00:58:02','2020-02-16 00:58:02'),(374,2,'2021-02-24 00:00:00',1,'',1,1,'2020-02-16 00:58:03','2020-02-16 00:58:03'),(375,2,'2021-02-25 00:00:00',1,'',1,1,'2020-02-16 00:58:04','2020-02-16 00:58:04'),(376,2,'2021-02-26 00:00:00',1,'',1,1,'2020-02-16 00:58:04','2020-02-16 00:58:04'),(377,2,'2021-02-27 00:00:00',1,'',1,1,'2020-02-16 00:58:05','2020-02-16 00:58:05'),(378,2,'2021-02-28 00:00:00',1,'',1,1,'2020-02-16 00:58:06','2020-02-16 00:58:06'),(379,2,'2021-03-01 00:00:00',1,'',1,1,'2020-02-16 00:58:06','2020-02-16 00:58:06'),(380,2,'2021-03-02 00:00:00',1,'',1,1,'2020-02-16 00:58:07','2020-02-16 00:58:07'),(381,2,'2021-03-03 00:00:00',1,'',1,1,'2020-02-16 00:58:08','2020-02-16 00:58:08'),(382,2,'2021-03-04 00:00:00',1,'',1,1,'2020-02-16 00:58:08','2020-02-16 00:58:08'),(383,2,'2021-03-05 00:00:00',1,'',1,1,'2020-02-16 00:58:09','2020-02-16 00:58:09'),(384,2,'2021-03-06 00:00:00',1,'',1,1,'2020-02-16 00:58:10','2020-02-16 00:58:10'),(385,2,'2021-03-07 00:00:00',1,'',1,1,'2020-02-16 00:58:10','2020-02-16 00:58:10'),(386,2,'2021-03-08 00:00:00',1,'',1,1,'2020-02-16 00:58:11','2020-02-16 00:58:11'),(387,2,'2021-03-09 00:00:00',1,'',1,1,'2020-02-16 00:58:12','2020-02-16 00:58:12'),(388,2,'2021-03-10 00:00:00',1,'',1,1,'2020-02-16 00:58:12','2020-02-16 00:58:12'),(389,2,'2021-03-11 00:00:00',1,'',1,1,'2020-02-16 00:58:13','2020-02-16 00:58:13'),(390,2,'2021-03-12 00:00:00',1,'',1,1,'2020-02-16 00:58:13','2020-02-16 00:58:13'),(391,2,'2021-03-13 00:00:00',1,'',1,1,'2020-02-16 00:58:14','2020-02-16 00:58:14'),(392,2,'2021-03-14 00:00:00',1,'',1,1,'2020-02-16 00:58:15','2020-02-16 00:58:15'),(393,2,'2021-03-15 00:00:00',1,'',1,1,'2020-02-16 00:58:15','2020-02-16 00:58:15'),(394,2,'2021-03-16 00:00:00',1,'',1,1,'2020-02-16 00:58:16','2020-02-16 00:58:16'),(395,2,'2021-03-17 00:00:00',1,'',1,1,'2020-02-16 00:58:17','2020-02-16 00:58:17'),(396,2,'2021-03-18 00:00:00',1,'',1,1,'2020-02-16 00:58:17','2020-02-16 00:58:17'),(397,2,'2021-03-19 00:00:00',1,'',1,1,'2020-02-16 00:58:18','2020-02-16 00:58:18'),(398,2,'2021-03-20 00:00:00',1,'',1,1,'2020-02-16 00:58:18','2020-02-16 00:58:18'),(399,2,'2021-03-21 00:00:00',1,'',1,1,'2020-02-16 00:58:19','2020-02-16 00:58:19'),(400,2,'2021-03-22 00:00:00',1,'',1,1,'2020-02-16 00:58:19','2020-02-16 00:58:19'),(401,2,'2021-03-23 00:00:00',1,'',1,1,'2020-02-16 00:58:20','2020-02-16 00:58:20'),(402,2,'2021-03-24 00:00:00',1,'',1,1,'2020-02-16 00:58:21','2020-02-16 00:58:21'),(403,2,'2021-03-25 00:00:00',1,'',1,1,'2020-02-16 00:58:22','2020-02-16 00:58:22'),(404,2,'2021-03-26 00:00:00',1,'',1,1,'2020-02-16 00:58:22','2020-02-16 00:58:22'),(405,2,'2021-03-27 00:00:00',1,'',1,1,'2020-02-16 00:58:23','2020-02-16 00:58:23'),(406,2,'2021-03-28 00:00:00',1,'',1,1,'2020-02-16 00:58:24','2020-02-16 00:58:24'),(407,2,'2021-03-29 00:00:00',1,'',1,1,'2020-02-16 00:58:24','2020-02-16 00:58:24'),(408,2,'2021-03-30 00:00:00',1,'',1,1,'2020-02-16 00:58:25','2020-02-16 00:58:25'),(409,2,'2021-03-31 00:00:00',1,'',1,1,'2020-02-16 00:58:25','2020-02-16 00:58:25'),(410,2,'2021-04-01 00:00:00',1,'',1,1,'2020-02-16 00:58:26','2020-02-16 00:58:26'),(411,2,'2021-04-02 00:00:00',1,'',1,1,'2020-02-16 00:58:26','2020-02-16 00:58:26'),(412,2,'2021-04-03 00:00:00',1,'',1,1,'2020-02-16 00:58:27','2020-02-16 00:58:27'),(413,2,'2021-04-04 00:00:00',1,'',1,1,'2020-02-16 00:58:27','2020-02-16 00:58:27'),(414,2,'2021-04-05 00:00:00',1,'',1,1,'2020-02-16 00:58:28','2020-02-16 00:58:28'),(415,2,'2021-04-06 00:00:00',1,'',1,1,'2020-02-16 00:58:28','2020-02-16 00:58:28'),(416,2,'2021-04-07 00:00:00',1,'',1,1,'2020-02-16 00:58:29','2020-02-16 00:58:29'),(417,2,'2021-04-08 00:00:00',1,'',1,1,'2020-02-16 00:58:30','2020-02-16 00:58:30'),(418,2,'2021-04-09 00:00:00',1,'',1,1,'2020-02-16 00:58:31','2020-02-16 00:58:31'),(419,2,'2021-04-10 00:00:00',1,'',1,1,'2020-02-16 00:58:31','2020-02-16 00:58:31'),(420,2,'2021-04-11 00:00:00',1,'',1,1,'2020-02-16 00:58:32','2020-02-16 00:58:32'),(421,2,'2021-04-12 00:00:00',1,'',1,1,'2020-02-16 00:58:33','2020-02-16 00:58:33'),(422,2,'2021-04-13 00:00:00',1,'',1,1,'2020-02-16 00:58:33','2020-02-16 00:58:33'),(423,2,'2021-04-14 00:00:00',1,'',1,1,'2020-02-16 00:58:34','2020-02-16 00:58:34'),(424,2,'2021-04-15 00:00:00',1,'',1,1,'2020-02-16 00:58:35','2020-02-16 00:58:35'),(425,2,'2021-04-16 00:00:00',1,'',1,1,'2020-02-16 00:58:36','2020-02-16 00:58:36'),(426,2,'2021-04-17 00:00:00',1,'',1,1,'2020-02-16 00:58:36','2020-02-16 00:58:36'),(427,2,'2021-04-18 00:00:00',1,'',1,1,'2020-02-16 00:58:37','2020-02-16 00:58:37'),(428,2,'2021-04-19 00:00:00',1,'',1,1,'2020-02-16 00:58:38','2020-02-16 00:58:38'),(429,2,'2021-04-20 00:00:00',1,'',1,1,'2020-02-16 00:58:39','2020-02-16 00:58:39'),(430,2,'2021-04-21 00:00:00',1,'',1,1,'2020-02-16 00:58:39','2020-02-16 00:58:39'),(431,2,'2021-04-22 00:00:00',1,'',1,1,'2020-02-16 00:58:40','2020-02-16 00:58:40'),(432,2,'2021-04-23 00:00:00',1,'',1,1,'2020-02-16 00:58:41','2020-02-16 00:58:41'),(433,2,'2021-04-24 00:00:00',1,'',1,1,'2020-02-16 00:58:42','2020-02-16 00:58:42'),(434,2,'2021-04-25 00:00:00',1,'',1,1,'2020-02-16 00:58:42','2020-02-16 00:58:42'),(435,2,'2021-04-26 00:00:00',1,'',1,1,'2020-02-16 00:58:43','2020-02-16 00:58:43'),(436,2,'2021-04-27 00:00:00',1,'',1,1,'2020-02-16 00:58:44','2020-02-16 00:58:44'),(437,2,'2021-04-28 00:00:00',1,'',1,1,'2020-02-16 00:58:44','2020-02-16 00:58:44'),(438,2,'2021-04-29 00:00:00',1,'',1,1,'2020-02-16 00:58:45','2020-02-16 00:58:45'),(439,2,'2021-04-30 00:00:00',1,'',1,1,'2020-02-16 00:58:46','2020-02-16 00:58:46'),(440,2,'2021-05-01 00:00:00',1,'',1,1,'2020-02-16 00:58:47','2020-02-16 00:58:47'),(441,2,'2021-05-02 00:00:00',1,'',1,1,'2020-02-16 00:58:47','2020-02-16 00:58:47'),(442,2,'2021-05-03 00:00:00',1,'',1,1,'2020-02-16 00:58:48','2020-02-16 00:58:48'),(443,2,'2021-05-04 00:00:00',1,'',1,1,'2020-02-16 00:58:49','2020-02-16 00:58:49'),(444,2,'2021-05-05 00:00:00',1,'',1,1,'2020-02-16 00:58:49','2020-02-16 00:58:49'),(445,2,'2021-05-06 00:00:00',1,'',1,1,'2020-02-16 00:58:50','2020-02-16 00:58:50'),(446,2,'2021-05-07 00:00:00',1,'',1,1,'2020-02-16 00:58:51','2020-02-16 00:58:51'),(447,2,'2021-05-08 00:00:00',1,'',1,1,'2020-02-16 00:58:52','2020-02-16 00:58:52'),(448,2,'2021-05-09 00:00:00',1,'',1,1,'2020-02-16 00:58:52','2020-02-16 00:58:52'),(449,2,'2021-05-10 00:00:00',1,'',1,1,'2020-02-16 00:58:53','2020-02-16 00:58:53'),(450,3,'2020-02-15 00:00:00',1,'',1,1,'2020-02-16 00:58:55','2020-02-16 00:58:55'),(451,3,'2020-02-16 00:00:00',1,'',1,1,'2020-02-16 00:58:55','2020-02-16 00:58:55'),(452,3,'2020-03-01 00:00:00',1,'',1,1,'2020-02-16 00:58:55','2020-02-16 00:58:55'),(453,3,'2020-03-02 00:00:00',1,'',1,1,'2020-02-16 00:58:55','2020-02-16 00:58:55'),(454,3,'2020-03-03 00:00:00',1,'',1,1,'2020-02-16 00:58:55','2020-02-16 00:58:55'),(455,3,'2020-03-04 00:00:00',1,'',1,1,'2020-02-16 00:58:55','2020-02-16 00:58:55'),(456,3,'2020-03-05 00:00:00',1,'',1,1,'2020-02-16 00:58:55','2020-02-16 00:58:55'),(457,3,'2020-03-06 00:00:00',1,'',1,1,'2020-02-16 00:58:55','2020-02-16 00:58:55'),(458,3,'2020-03-15 00:00:00',1,'',1,1,'2020-02-16 00:58:55','2020-02-16 00:58:55'),(459,3,'2020-03-16 00:00:00',1,'',1,1,'2020-02-16 00:58:55','2020-02-16 00:58:55'),(460,3,'2020-03-17 00:00:00',1,'',1,1,'2020-02-16 00:58:55','2020-02-16 00:58:55'),(461,3,'2020-03-18 00:00:00',1,'',1,1,'2020-02-16 00:58:55','2020-02-16 00:58:55'),(462,3,'2020-03-19 00:00:00',1,'',1,1,'2020-02-16 00:58:55','2020-02-16 00:58:55'),(463,3,'2020-03-20 00:00:00',1,'',1,1,'2020-02-16 00:58:55','2020-02-16 00:58:55'),(464,3,'2020-04-07 00:00:00',1,'',1,1,'2020-02-16 00:58:55','2020-02-16 00:58:55'),(465,3,'2020-04-08 00:00:00',1,'',1,1,'2020-02-16 00:58:55','2020-02-16 00:58:55'),(466,3,'2020-04-09 00:00:00',1,'',1,1,'2020-02-16 00:58:55','2020-02-16 00:58:55'),(467,3,'2020-04-10 00:00:00',1,'',1,1,'2020-02-16 00:58:55','2020-02-16 00:58:55'),(468,3,'2021-01-02 00:00:00',1,'',1,1,'2020-02-16 00:58:55','2020-02-16 00:58:55'),(469,3,'2021-01-03 00:00:00',1,'',1,1,'2020-02-16 00:58:55','2020-02-16 00:58:55'),(470,3,'2021-01-04 00:00:00',1,'',1,1,'2020-02-16 00:58:55','2020-02-16 00:58:55'),(471,3,'2021-01-05 00:00:00',1,'',1,1,'2020-02-16 00:58:55','2020-02-16 00:58:55'),(472,3,'2021-01-06 00:00:00',1,'',1,1,'2020-02-16 00:58:55','2020-02-16 00:58:55'),(473,3,'2021-01-07 00:00:00',1,'',1,1,'2020-02-16 00:58:56','2020-02-16 00:58:56'),(474,3,'2021-01-08 00:00:00',1,'',1,1,'2020-02-16 00:58:56','2020-02-16 00:58:56'),(475,3,'2021-01-09 00:00:00',1,'',1,1,'2020-02-16 00:58:56','2020-02-16 00:58:56'),(476,3,'2021-01-10 00:00:00',1,'',1,1,'2020-02-16 00:58:56','2020-02-16 00:58:56'),(477,3,'2021-01-11 00:00:00',1,'',1,1,'2020-02-16 00:58:56','2020-02-16 00:58:56'),(478,3,'2021-01-12 00:00:00',1,'',1,1,'2020-02-16 00:58:56','2020-02-16 00:58:56'),(479,3,'2021-01-13 00:00:00',1,'',1,1,'2020-02-16 00:58:56','2020-02-16 00:58:56'),(480,3,'2021-01-14 00:00:00',1,'',1,1,'2020-02-16 00:58:56','2020-02-16 00:58:56'),(481,3,'2021-01-15 00:00:00',1,'',1,1,'2020-02-16 00:58:56','2020-02-16 00:58:56'),(482,3,'2021-01-16 00:00:00',1,'',1,1,'2020-02-16 00:58:56','2020-02-16 00:58:56'),(483,3,'2021-01-17 00:00:00',1,'',1,1,'2020-02-16 00:58:56','2020-02-16 00:58:56'),(484,3,'2021-01-18 00:00:00',1,'',1,1,'2020-02-16 00:58:57','2020-02-16 00:58:57'),(485,3,'2021-01-19 00:00:00',1,'',1,1,'2020-02-16 00:58:57','2020-02-16 00:58:57'),(486,3,'2021-01-20 00:00:00',1,'',1,1,'2020-02-16 00:58:57','2020-02-16 00:58:57'),(487,3,'2021-01-21 00:00:00',1,'',1,1,'2020-02-16 00:58:57','2020-02-16 00:58:57'),(488,3,'2021-01-22 00:00:00',1,'',1,1,'2020-02-16 00:58:57','2020-02-16 00:58:57'),(489,3,'2021-01-23 00:00:00',1,'',1,1,'2020-02-16 00:58:57','2020-02-16 00:58:57'),(490,3,'2021-01-24 00:00:00',1,'',1,1,'2020-02-16 00:58:57','2020-02-16 00:58:57'),(491,3,'2021-01-25 00:00:00',1,'',1,1,'2020-02-16 00:58:57','2020-02-16 00:58:57'),(492,3,'2021-01-26 00:00:00',1,'',1,1,'2020-02-16 00:58:57','2020-02-16 00:58:57'),(493,3,'2021-01-27 00:00:00',1,'',1,1,'2020-02-16 00:58:58','2020-02-16 00:58:58'),(494,3,'2021-01-28 00:00:00',1,'',1,1,'2020-02-16 00:58:58','2020-02-16 00:58:58'),(495,3,'2021-01-29 00:00:00',1,'',1,1,'2020-02-16 00:58:58','2020-02-16 00:58:58'),(496,3,'2021-01-30 00:00:00',1,'',1,1,'2020-02-16 00:58:58','2020-02-16 00:58:58'),(497,3,'2021-01-31 00:00:00',1,'',1,1,'2020-02-16 00:58:58','2020-02-16 00:58:58'),(498,3,'2021-02-01 00:00:00',1,'',1,1,'2020-02-16 00:58:58','2020-02-16 00:58:58'),(499,3,'2021-02-02 00:00:00',1,'',1,1,'2020-02-16 00:58:58','2020-02-16 00:58:58'),(500,3,'2021-02-03 00:00:00',1,'',1,1,'2020-02-16 00:58:59','2020-02-16 00:58:59'),(501,3,'2021-02-04 00:00:00',1,'',1,1,'2020-02-16 00:58:59','2020-02-16 00:58:59'),(502,3,'2021-02-05 00:00:00',1,'',1,1,'2020-02-16 00:58:59','2020-02-16 00:58:59'),(503,3,'2021-02-06 00:00:00',1,'',1,1,'2020-02-16 00:58:59','2020-02-16 00:58:59'),(504,3,'2021-02-07 00:00:00',1,'',1,1,'2020-02-16 00:58:59','2020-02-16 00:58:59'),(505,3,'2021-02-08 00:00:00',1,'',1,1,'2020-02-16 00:59:00','2020-02-16 00:59:00'),(506,3,'2021-02-09 00:00:00',1,'',1,1,'2020-02-16 00:59:00','2020-02-16 00:59:00'),(507,3,'2021-02-10 00:00:00',1,'',1,1,'2020-02-16 00:59:00','2020-02-16 00:59:00'),(508,3,'2021-02-11 00:00:00',1,'',1,1,'2020-02-16 00:59:00','2020-02-16 00:59:00'),(509,3,'2021-02-12 00:00:00',1,'',1,1,'2020-02-16 00:59:00','2020-02-16 00:59:00'),(510,3,'2021-02-13 00:00:00',1,'',1,1,'2020-02-16 00:59:00','2020-02-16 00:59:00'),(511,3,'2021-02-14 00:00:00',1,'',1,1,'2020-02-16 00:59:01','2020-02-16 00:59:01'),(512,3,'2021-02-15 00:00:00',1,'',1,1,'2020-02-16 00:59:01','2020-02-16 00:59:01'),(513,3,'2021-02-16 00:00:00',1,'',1,1,'2020-02-16 00:59:01','2020-02-16 00:59:01'),(514,3,'2021-02-17 00:00:00',1,'',1,1,'2020-02-16 00:59:01','2020-02-16 00:59:01'),(515,3,'2021-02-18 00:00:00',1,'',1,1,'2020-02-16 00:59:02','2020-02-16 00:59:02'),(516,3,'2021-02-19 00:00:00',1,'',1,1,'2020-02-16 00:59:02','2020-02-16 00:59:02'),(517,3,'2021-02-20 00:00:00',1,'',1,1,'2020-02-16 00:59:02','2020-02-16 00:59:02'),(518,3,'2021-02-21 00:00:00',1,'',1,1,'2020-02-16 00:59:02','2020-02-16 00:59:02'),(519,3,'2021-02-22 00:00:00',1,'',1,1,'2020-02-16 00:59:02','2020-02-16 00:59:02'),(520,3,'2021-02-23 00:00:00',1,'',1,1,'2020-02-16 00:59:03','2020-02-16 00:59:03'),(521,3,'2021-02-24 00:00:00',1,'',1,1,'2020-02-16 00:59:03','2020-02-16 00:59:03'),(522,3,'2021-02-25 00:00:00',1,'',1,1,'2020-02-16 00:59:03','2020-02-16 00:59:03'),(523,3,'2021-02-26 00:00:00',1,'',1,1,'2020-02-16 00:59:03','2020-02-16 00:59:03'),(524,3,'2021-02-27 00:00:00',1,'',1,1,'2020-02-16 00:59:03','2020-02-16 00:59:03'),(525,3,'2021-02-28 00:00:00',1,'',1,1,'2020-02-16 00:59:04','2020-02-16 00:59:04'),(526,3,'2021-03-01 00:00:00',1,'',1,1,'2020-02-16 00:59:04','2020-02-16 00:59:04'),(527,3,'2021-03-02 00:00:00',1,'',1,1,'2020-02-16 00:59:04','2020-02-16 00:59:04'),(528,3,'2021-03-03 00:00:00',1,'',1,1,'2020-02-16 00:59:04','2020-02-16 00:59:04'),(529,3,'2021-03-04 00:00:00',1,'',1,1,'2020-02-16 00:59:05','2020-02-16 00:59:05'),(530,3,'2021-03-05 00:00:00',1,'',1,1,'2020-02-16 00:59:05','2020-02-16 00:59:05'),(531,3,'2021-03-06 00:00:00',1,'',1,1,'2020-02-16 00:59:05','2020-02-16 00:59:05'),(532,3,'2021-03-07 00:00:00',1,'',1,1,'2020-02-16 00:59:05','2020-02-16 00:59:05'),(533,3,'2021-03-08 00:00:00',1,'',1,1,'2020-02-16 00:59:06','2020-02-16 00:59:06'),(534,3,'2021-03-09 00:00:00',1,'',1,1,'2020-02-16 00:59:06','2020-02-16 00:59:06'),(535,3,'2021-03-10 00:00:00',1,'',1,1,'2020-02-16 00:59:06','2020-02-16 00:59:06'),(536,3,'2021-03-11 00:00:00',1,'',1,1,'2020-02-16 00:59:06','2020-02-16 00:59:06'),(537,3,'2021-03-12 00:00:00',1,'',1,1,'2020-02-16 00:59:07','2020-02-16 00:59:07'),(538,3,'2021-03-13 00:00:00',1,'',1,1,'2020-02-16 00:59:07','2020-02-16 00:59:07'),(539,3,'2021-03-14 00:00:00',1,'',1,1,'2020-02-16 00:59:07','2020-02-16 00:59:07'),(540,3,'2021-03-15 00:00:00',1,'',1,1,'2020-02-16 00:59:08','2020-02-16 00:59:08'),(541,3,'2021-03-16 00:00:00',1,'',1,1,'2020-02-16 00:59:08','2020-02-16 00:59:08'),(542,3,'2021-03-17 00:00:00',1,'',1,1,'2020-02-16 00:59:08','2020-02-16 00:59:08'),(543,3,'2021-03-18 00:00:00',1,'',1,1,'2020-02-16 00:59:09','2020-02-16 00:59:09'),(544,3,'2021-03-19 00:00:00',1,'',1,1,'2020-02-16 00:59:09','2020-02-16 00:59:09'),(545,3,'2021-03-20 00:00:00',1,'',1,1,'2020-02-16 00:59:09','2020-02-16 00:59:09'),(546,3,'2021-03-21 00:00:00',1,'',1,1,'2020-02-16 00:59:10','2020-02-16 00:59:10'),(547,3,'2021-03-22 00:00:00',1,'',1,1,'2020-02-16 00:59:10','2020-02-16 00:59:10'),(548,3,'2021-03-23 00:00:00',1,'',1,1,'2020-02-16 00:59:10','2020-02-16 00:59:10'),(549,3,'2021-03-24 00:00:00',1,'',1,1,'2020-02-16 00:59:10','2020-02-16 00:59:10'),(550,3,'2021-03-25 00:00:00',1,'',1,1,'2020-02-16 00:59:11','2020-02-16 00:59:11'),(551,3,'2021-03-26 00:00:00',1,'',1,1,'2020-02-16 00:59:11','2020-02-16 00:59:11'),(552,3,'2021-03-27 00:00:00',1,'',1,1,'2020-02-16 00:59:11','2020-02-16 00:59:11'),(553,3,'2021-03-28 00:00:00',1,'',1,1,'2020-02-16 00:59:12','2020-02-16 00:59:12'),(554,3,'2021-03-29 00:00:00',1,'',1,1,'2020-02-16 00:59:12','2020-02-16 00:59:12'),(555,3,'2021-03-30 00:00:00',1,'',1,1,'2020-02-16 00:59:12','2020-02-16 00:59:12'),(556,3,'2021-03-31 00:00:00',1,'',1,1,'2020-02-16 00:59:13','2020-02-16 00:59:13'),(557,3,'2021-04-01 00:00:00',1,'',1,1,'2020-02-16 01:01:43','2020-02-16 01:01:43'),(558,3,'2021-04-02 00:00:00',1,'',1,1,'2020-02-16 01:01:43','2020-02-16 01:01:43'),(559,3,'2021-04-03 00:00:00',1,'',1,1,'2020-02-16 01:01:44','2020-02-16 01:01:44'),(560,3,'2021-04-04 00:00:00',1,'',1,1,'2020-02-16 01:01:44','2020-02-16 01:01:44'),(561,3,'2021-04-05 00:00:00',1,'',1,1,'2020-02-16 01:01:44','2020-02-16 01:01:44'),(562,3,'2021-04-06 00:00:00',1,'',1,1,'2020-02-16 01:01:44','2020-02-16 01:01:44'),(563,3,'2021-04-07 00:00:00',1,'',1,1,'2020-02-16 01:01:44','2020-02-16 01:01:44'),(564,3,'2021-04-08 00:00:00',1,'',1,1,'2020-02-16 01:01:44','2020-02-16 01:01:44'),(565,3,'2021-04-09 00:00:00',1,'',1,1,'2020-02-16 01:01:45','2020-02-16 01:01:45'),(566,3,'2021-04-10 00:00:00',1,'',1,1,'2020-02-16 01:01:45','2020-02-16 01:01:45'),(567,3,'2021-04-11 00:00:00',1,'',1,1,'2020-02-16 01:01:45','2020-02-16 01:01:45'),(568,3,'2021-04-12 00:00:00',1,'',1,1,'2020-02-16 01:01:45','2020-02-16 01:01:45'),(569,3,'2021-04-13 00:00:00',1,'',1,1,'2020-02-16 01:01:45','2020-02-16 01:01:45'),(570,3,'2021-04-14 00:00:00',1,'',1,1,'2020-02-16 01:01:45','2020-02-16 01:01:45'),(571,3,'2021-04-15 00:00:00',1,'',1,1,'2020-02-16 01:01:45','2020-02-16 01:01:45'),(572,3,'2021-04-16 00:00:00',1,'',1,1,'2020-02-16 01:01:46','2020-02-16 01:01:46'),(573,3,'2021-04-17 00:00:00',1,'',1,1,'2020-02-16 01:01:46','2020-02-16 01:01:46'),(574,3,'2021-04-18 00:00:00',1,'',1,1,'2020-02-16 01:01:46','2020-02-16 01:01:46'),(575,3,'2021-04-19 00:00:00',1,'',1,1,'2020-02-16 01:01:46','2020-02-16 01:01:46'),(576,3,'2021-04-20 00:00:00',1,'',1,1,'2020-02-16 01:01:46','2020-02-16 01:01:46'),(577,3,'2021-04-21 00:00:00',1,'',1,1,'2020-02-16 01:01:47','2020-02-16 01:01:47'),(578,3,'2021-04-22 00:00:00',1,'',1,1,'2020-02-16 01:01:47','2020-02-16 01:01:47'),(579,3,'2021-04-23 00:00:00',1,'',1,1,'2020-02-16 01:01:47','2020-02-16 01:01:47'),(580,3,'2021-04-24 00:00:00',1,'',1,1,'2020-02-16 01:01:47','2020-02-16 01:01:47'),(581,3,'2021-04-25 00:00:00',1,'',1,1,'2020-02-16 01:01:47','2020-02-16 01:01:47'),(582,3,'2021-04-26 00:00:00',1,'',1,1,'2020-02-16 01:01:47','2020-02-16 01:01:47'),(583,3,'2021-04-27 00:00:00',1,'',1,1,'2020-02-16 01:01:47','2020-02-16 01:01:47'),(584,3,'2021-04-28 00:00:00',1,'',1,1,'2020-02-16 01:01:48','2020-02-16 01:01:48'),(585,3,'2021-04-29 00:00:00',1,'',1,1,'2020-02-16 01:01:48','2020-02-16 01:01:48'),(586,3,'2021-04-30 00:00:00',1,'',1,1,'2020-02-16 01:01:48','2020-02-16 01:01:48'),(587,3,'2021-05-01 00:00:00',1,'',1,1,'2020-02-16 01:01:48','2020-02-16 01:01:48'),(588,3,'2021-05-02 00:00:00',1,'',1,1,'2020-02-16 01:01:48','2020-02-16 01:01:48'),(589,3,'2021-05-03 00:00:00',1,'',1,1,'2020-02-16 01:01:49','2020-02-16 01:01:49'),(590,3,'2021-05-04 00:00:00',1,'',1,1,'2020-02-16 01:01:49','2020-02-16 01:01:49'),(591,3,'2021-05-05 00:00:00',1,'',1,1,'2020-02-16 01:01:49','2020-02-16 01:01:49'),(592,3,'2021-05-06 00:00:00',1,'',1,1,'2020-02-16 01:01:49','2020-02-16 01:01:49'),(593,3,'2021-05-07 00:00:00',1,'',1,1,'2020-02-16 01:01:49','2020-02-16 01:01:49'),(594,3,'2021-05-08 00:00:00',1,'',1,1,'2020-02-16 01:01:50','2020-02-16 01:01:50'),(595,3,'2021-05-09 00:00:00',1,'',1,1,'2020-02-16 01:01:50','2020-02-16 01:01:50'),(596,3,'2021-05-10 00:00:00',1,'',1,1,'2020-02-16 01:01:50','2020-02-16 01:01:50'),(597,1,'2021-05-11 00:00:00',1,'',1,1,'2020-02-16 10:19:07','2020-02-16 10:19:07'),(598,2,'2021-05-11 00:00:00',1,'',1,1,'2020-02-16 10:20:08','2020-02-16 10:20:08'),(599,3,'2021-05-11 00:00:00',1,'',1,1,'2020-02-16 10:20:34','2020-02-16 10:20:34'),(600,1,'2021-05-12 00:00:00',1,'',1,1,'2020-02-17 21:52:46','2020-02-17 21:52:46'),(601,2,'2021-05-12 00:00:00',1,'',1,1,'2020-02-17 21:54:02','2020-02-17 21:54:02'),(602,3,'2020-02-17 00:00:00',1,'',1,1,'2020-02-17 21:54:04','2020-02-17 21:54:04'),(603,3,'2020-02-18 00:00:00',1,'',1,1,'2020-02-17 21:54:05','2020-02-17 21:54:05'),(604,3,'2020-02-19 00:00:00',1,'',1,1,'2020-02-17 21:54:05','2020-02-17 21:54:05'),(605,3,'2020-02-20 00:00:00',1,'',1,1,'2020-02-17 21:54:05','2020-02-17 21:54:05'),(606,3,'2021-05-12 00:00:00',1,'',1,1,'2020-02-17 21:54:40','2020-02-17 21:54:40');
/*!40000 ALTER TABLE `occupancy_info` ENABLE KEYS */;
UNLOCK TABLES;

--
-- Table structure for table `owner_info`
--

DROP TABLE IF EXISTS `owner_info`;
/*!40101 SET @saved_cs_client     = @@character_set_client */;
/*!50503 SET character_set_client = utf8mb4 */;
CREATE TABLE `owner_info` (
  `owner_id` int NOT NULL AUTO_INCREMENT,
  `owner_name` varchar(255) DEFAULT NULL,
  `owner_phone` varchar(255) DEFAULT NULL,
  `owner_email` varchar(255) DEFAULT NULL,
  `owner_doorno` varchar(255) DEFAULT NULL,
  `owner_street` varchar(255) DEFAULT NULL,
  `owner_city` varchar(255) DEFAULT NULL,
  `owner_postalcode` varchar(255) DEFAULT NULL,
  `owner_country` varchar(255) DEFAULT 'France',
  `gender` varchar(255) DEFAULT NULL,
  `password` text,
  `status` int DEFAULT '1',
  `created_at` datetime NOT NULL DEFAULT CURRENT_TIMESTAMP,
  `modified_at` datetime NOT NULL DEFAULT CURRENT_TIMESTAMP,
  PRIMARY KEY (`owner_id`)
) ENGINE=InnoDB AUTO_INCREMENT=33 DEFAULT CHARSET=latin1;
/*!40101 SET character_set_client = @saved_cs_client */;

--
-- Dumping data for table `owner_info`
--

LOCK TABLES `owner_info` WRITE;
/*!40000 ALTER TABLE `owner_info` DISABLE KEYS */;
INSERT INTO `owner_info` VALUES (13,'raja1','95008002401','vinoth@coralmint.com','151','sam streets1','France1','5050001','France',NULL,NULL,1,'2020-01-29 02:27:16','2020-02-04 16:55:24'),(20,'vignesh','09500700240','hari@gmail.com','7 Bharathi street,Ellaipillaichavady, PUDUCHERRY','7 Bharathi street,Ellaipillaichavady, PUDUCHERRY','PUDUCHERRY','605005','France','male','123',1,'2020-01-30 06:52:56','2020-02-01 11:19:51'),(21,'vignesh','9500700240','vinoth@coralmint.in','7 Bharathi street,Ellaipillaichavady, PUDUCHERRY','7 Bharathi street,Ellaipillaichavady, PUDUCHERRY','PUDUCHERRY','605005','France','male','123',0,'2020-01-30 13:25:19','2020-02-03 02:14:32'),(23,'nancyvicky','08608040171','vikram3vpm@gmail.com','No.4/507 Kalaivanan Nagar, Gorimadu, Pattanur','No.4/507 Kalaivanan Nagar, Gorimadu, Pattanur','Puducherry','605111','France',NULL,NULL,1,'2020-02-01 09:45:25','2020-02-01 09:45:25'),(30,'OUSS','0699715745','oly@stephaneplazaimmobilier.com','22','Rue d\'Ariane','Chessy','77700','France',NULL,'12345',1,'2020-02-12 00:02:32','2020-02-13 10:41:34'),(32,'cmt test vinoth1','9791897552','lee.vino13@gmail.com','152','barathi street','France','6500505','France',NULL,'123',1,'2020-02-13 11:21:27','2020-02-13 12:03:05');
/*!40000 ALTER TABLE `owner_info` ENABLE KEYS */;
UNLOCK TABLES;

--
-- Table structure for table `password_resets`
--

DROP TABLE IF EXISTS `password_resets`;
/*!40101 SET @saved_cs_client     = @@character_set_client */;
/*!50503 SET character_set_client = utf8mb4 */;
CREATE TABLE `password_resets` (
  `email` varchar(191) CHARACTER SET utf8 COLLATE utf8_unicode_ci NOT NULL,
  `token` varchar(191) CHARACTER SET utf8 COLLATE utf8_unicode_ci NOT NULL,
  `created_at` timestamp NULL DEFAULT NULL,
  KEY `password_resets_email_index` (`email`)
) ENGINE=InnoDB DEFAULT CHARSET=utf8 COLLATE=utf8_unicode_ci;
/*!40101 SET character_set_client = @saved_cs_client */;

--
-- Dumping data for table `password_resets`
--

LOCK TABLES `password_resets` WRITE;
/*!40000 ALTER TABLE `password_resets` DISABLE KEYS */;
INSERT INTO `password_resets` VALUES ('kedar.nath.thakur@gmail.com','$2y$10$jXdxYyh9UUBPlA6nfc8Nv.ibvFFPh5ihNIZFiIBabXaakp.kYlWfq','2019-07-03 16:46:29'),('syletjenitha19@gmail.com','$2y$10$xvKWV8OXK61SrbuxGdFa6uMWYqbe3DUtM7EW/4ajDSll0Wk./I.Mq','2019-07-11 10:25:45'),('ymontmorency@gmail.com','$2y$10$MgpcfMZom3NLDwJ4r3dZdezOc/DzveVVYk5QLoeybTP8n/RAEdL1K','2020-02-03 13:26:20'),('bhavithra.t@gmail.com','$2y$10$W2lSfWvZn8ugw8NCdWB39eXlP1HupeMKqpZYSJHOKzbx9UrkElzkW','2020-02-05 08:45:56');
/*!40000 ALTER TABLE `password_resets` ENABLE KEYS */;
UNLOCK TABLES;

--
-- Table structure for table `property`
--

DROP TABLE IF EXISTS `property`;
/*!40101 SET @saved_cs_client     = @@character_set_client */;
/*!50503 SET character_set_client = utf8mb4 */;
CREATE TABLE `property` (
  `property_id` int NOT NULL AUTO_INCREMENT,
  `owner_id` int DEFAULT NULL,
  `property_name` varchar(255) DEFAULT NULL,
  `room_type` varchar(255) DEFAULT NULL,
  `room_count` varchar(255) DEFAULT NULL,
  `property_doorno` varchar(255) DEFAULT NULL,
  `property_street_name` varchar(255) DEFAULT NULL,
  `property_postalcode` varchar(255) DEFAULT NULL,
  `property_city` varchar(255) DEFAULT NULL,
  `property_country` varchar(255) NOT NULL DEFAULT 'france',
  `property_floor` varchar(255) DEFAULT NULL,
  `property_type` varchar(255) DEFAULT NULL,
  `property_age` varchar(255) DEFAULT NULL,
  `property_state` varchar(255) DEFAULT NULL,
  `property_area_spft` varchar(255) DEFAULT NULL,
  `total_area_of_property` varchar(255) DEFAULT NULL,
  `percentage` varchar(255) DEFAULT NULL,
  `access_code` varchar(255) DEFAULT NULL,
  `agreement_start_date` varchar(255) DEFAULT NULL,
  `agreement_end_date` varchar(255) DEFAULT NULL,
  `ical_link` varchar(255) DEFAULT NULL,
  `status` int DEFAULT '1',
  `created_at` datetime DEFAULT CURRENT_TIMESTAMP,
  `modified_at` datetime DEFAULT CURRENT_TIMESTAMP,
  PRIMARY KEY (`property_id`)
) ENGINE=InnoDB AUTO_INCREMENT=24 DEFAULT CHARSET=latin1;
/*!40101 SET character_set_client = @saved_cs_client */;

--
-- Dumping data for table `property`
--

LOCK TABLES `property` WRITE;
/*!40000 ALTER TABLE `property` DISABLE KEYS */;
INSERT INTO `property` VALUES (1,20,'arun','3bhk','3','88','No.4/507 Kalaivanan Nagar, Gorimadu, Pattanur','605111',NULL,'Puducherry',NULL,'Apartment',NULL,'finished',NULL,NULL,'30%',NULL,NULL,NULL,'https://wubook.net/wbkd/ical/ics-59206-3cdf072b3eaf9713710e2b6f788fc575.ics',1,'2020-01-29 11:37:39','2020-01-29 11:37:39'),(2,20,'testvicky','5BHK','4','25','No.4/507 Kalaivanan Nagar, Gorimadu, Pattanur','605111',NULL,'Puducherry',NULL,'Villa','45','on process','35','25','30%',NULL,NULL,NULL,'https://wubook.net/wbkd/ical/ics-59206-068c5f3176600947627bbedaf7a2411d.ics',1,'2020-01-30 09:28:12','2020-01-30 09:28:12'),(3,20,'property home','3BHK','4','80','mass','250042','masscity','france',NULL,'Apartment','40','Select Type','2500','1200','20%','2503','2020/02/07','2020/02/12','https://wubook.net/wbkd/ical/ics-59206-4287d75f127ac166c1d398928c0dd06b.ics',1,'2020-02-03 13:04:41','2020-02-03 13:04:41');
/*!40000 ALTER TABLE `property` ENABLE KEYS */;
UNLOCK TABLES;

--
-- Table structure for table `property_document`
--

DROP TABLE IF EXISTS `property_document`;
/*!40101 SET @saved_cs_client     = @@character_set_client */;
/*!50503 SET character_set_client = utf8mb4 */;
CREATE TABLE `property_document` (
  `property_document_id` int NOT NULL AUTO_INCREMENT,
  `request_id` int DEFAULT NULL,
  `owner_id` int DEFAULT NULL,
  `property_id` int DEFAULT NULL,
  `request_name` varchar(255) DEFAULT NULL,
  `document_type` varchar(255) DEFAULT NULL,
  `due_date` varchar(255) DEFAULT NULL,
  `document_name` varchar(255) DEFAULT NULL,
  `decription` varchar(255) DEFAULT NULL,
  `document_img_name` varchar(255) DEFAULT NULL,
  `document_img_ext` varchar(255) DEFAULT NULL,
  `document_img_tag` varchar(255) DEFAULT NULL,
  `document_img_orginal_name` varchar(255) DEFAULT NULL,
  `document_img_url` varchar(255) DEFAULT NULL,
  `document_img_path` varchar(255) DEFAULT NULL,
  `status` int DEFAULT '0',
  `created_at` datetime NOT NULL DEFAULT CURRENT_TIMESTAMP,
  `modified_at` datetime NOT NULL DEFAULT CURRENT_TIMESTAMP,
  PRIMARY KEY (`property_document_id`)
) ENGINE=InnoDB AUTO_INCREMENT=16 DEFAULT CHARSET=latin1;
/*!40101 SET character_set_client = @saved_cs_client */;

--
-- Dumping data for table `property_document`
--

LOCK TABLES `property_document` WRITE;
/*!40000 ALTER TABLE `property_document` DISABLE KEYS */;
INSERT INTO `property_document` VALUES (12,2,20,NULL,NULL,NULL,NULL,NULL,NULL,'property_document','png',NULL,'back3.png','http://coralmint.in/rental/upload/20/property_document/back3.png',NULL,0,'2020-02-05 06:58:18','2020-02-05 06:58:18'),(13,2,20,0,NULL,NULL,NULL,NULL,NULL,'property_document','jpg',NULL,'IndianOil_Logo_Fulla.jpg','http://coralmint.in/rental/upload/20/property_document/IndianOil_Logo_Fulla.jpg',NULL,0,'2020-02-05 07:04:42','2020-02-05 07:04:42'),(14,2,20,0,NULL,NULL,NULL,NULL,NULL,'property_document','docx',NULL,'daily update sheet.docx','http://coralmint.in/rental/upload/20/property_document/daily update sheet.docx',NULL,0,'2020-02-05 07:50:13','2020-02-05 07:50:13'),(15,7,30,0,NULL,NULL,NULL,NULL,NULL,'property_document','pdf',NULL,'863 - Facture Stierlam.pdf','http://coralmint.in/rental/upload/30/property_document/863 - Facture Stierlam.pdf',NULL,0,'2020-02-13 10:42:38','2020-02-13 10:42:38');
/*!40000 ALTER TABLE `property_document` ENABLE KEYS */;
UNLOCK TABLES;

--
-- Table structure for table `property_image`
--

DROP TABLE IF EXISTS `property_image`;
/*!40101 SET @saved_cs_client     = @@character_set_client */;
/*!50503 SET character_set_client = utf8mb4 */;
CREATE TABLE `property_image` (
  `property_image_id` int NOT NULL AUTO_INCREMENT,
  `owner_id` int DEFAULT NULL,
  `property_id` int DEFAULT NULL,
  `property_image_name` varchar(255) DEFAULT NULL,
  `image_ext` varchar(255) DEFAULT NULL,
  `image_tag` varchar(255) DEFAULT NULL,
  `image_orginal_name` varchar(255) DEFAULT NULL,
  `image_url` varchar(255) DEFAULT NULL,
  `image_path` varchar(255) DEFAULT NULL,
  `status` int DEFAULT '1',
  `created_at` datetime NOT NULL DEFAULT CURRENT_TIMESTAMP,
  `modified_at` datetime NOT NULL DEFAULT CURRENT_TIMESTAMP,
  PRIMARY KEY (`property_image_id`)
) ENGINE=InnoDB AUTO_INCREMENT=35 DEFAULT CHARSET=latin1;
/*!40101 SET character_set_client = @saved_cs_client */;

--
-- Dumping data for table `property_image`
--

LOCK TABLES `property_image` WRITE;
/*!40000 ALTER TABLE `property_image` DISABLE KEYS */;
INSERT INTO `property_image` VALUES (27,13,19,'product_img','png',NULL,'Picture1.png','http://coralmint.in/rental/upload/13/property_images/Picture1.png',NULL,NULL,'2020-02-04 17:30:58','2020-02-04 17:30:58'),(28,13,20,'13property_img','jpg',NULL,'485456e6c6bd06fb0026305b50a9e709.jpg','http://coralmint.in/rental/upload/13/property_images/485456e6c6bd06fb0026305b50a9e709.jpg',NULL,1,'2020-02-04 17:36:11','2020-02-04 17:36:11'),(31,26,22,'26property_img','png',NULL,'Plaza Ferme 01.png','http://coralmint.in/rental/upload/26/property_images/Plaza Ferme 01.png',NULL,1,'2020-02-05 08:53:52','2020-02-05 08:53:54'),(32,13,21,'13property_img','jpg',NULL,'back1.jpg','http://coralmint.in/rental/upload/13/property_images/back1.jpg','upload/13/property_images',1,'2020-02-05 12:25:10','2020-02-05 12:25:10'),(33,32,23,'32property_img','jpg',NULL,'download.jpg','http://coralmint.in/rental/upload/32/property_images/download.jpg','upload/32/property_images',1,'2020-02-13 12:29:59','2020-02-13 12:30:01'),(34,32,23,'32property_img','jpg',NULL,'photo-1522708323590-d24dbb6b0267.jpg','http://coralmint.in/rental/upload/32/property_images/photo-1522708323590-d24dbb6b0267.jpg','upload/32/property_images',1,'2020-02-13 12:29:59','2020-02-13 12:30:01');
/*!40000 ALTER TABLE `property_image` ENABLE KEYS */;
UNLOCK TABLES;

--
-- Table structure for table `property_rent`
--

DROP TABLE IF EXISTS `property_rent`;
/*!40101 SET @saved_cs_client     = @@character_set_client */;
/*!50503 SET character_set_client = utf8mb4 */;
CREATE TABLE `property_rent` (
  `property_rent_id` int NOT NULL AUTO_INCREMENT,
  `property_id` int DEFAULT NULL,
  `date` datetime DEFAULT NULL,
  `rent` varchar(255) DEFAULT NULL,
  `created_at` datetime NOT NULL DEFAULT CURRENT_TIMESTAMP,
  `modified_at` datetime NOT NULL DEFAULT CURRENT_TIMESTAMP,
  PRIMARY KEY (`property_rent_id`)
) ENGINE=InnoDB AUTO_INCREMENT=6 DEFAULT CHARSET=latin1;
/*!40101 SET character_set_client = @saved_cs_client */;

--
-- Dumping data for table `property_rent`
--

LOCK TABLES `property_rent` WRITE;
/*!40000 ALTER TABLE `property_rent` DISABLE KEYS */;
INSERT INTO `property_rent` VALUES (1,18,'2020-02-20 00:00:00','500','2020-02-14 10:32:50','2020-02-14 10:32:50'),(2,18,'2020-02-21 00:00:00','400','2020-02-14 10:32:50','2020-02-14 10:32:50'),(3,18,'2020-02-15 00:00:00','500','2020-02-14 10:34:06','2020-02-14 10:34:06'),(4,18,'2020-02-14 00:00:00','1100','0000-00-00 00:00:00','2020-02-14 10:34:06'),(5,18,'2020-02-17 00:00:00','500','2020-02-14 10:34:06','2020-02-14 10:34:06');
/*!40000 ALTER TABLE `property_rent` ENABLE KEYS */;
UNLOCK TABLES;

--
-- Table structure for table `request_info`
--

DROP TABLE IF EXISTS `request_info`;
/*!40101 SET @saved_cs_client     = @@character_set_client */;
/*!50503 SET character_set_client = utf8mb4 */;
CREATE TABLE `request_info` (
  `request_info_id` int NOT NULL AUTO_INCREMENT,
  `owner_id` int DEFAULT NULL,
  `property_id` int DEFAULT NULL,
  `request_name` varchar(255) DEFAULT NULL,
  `document_type` varchar(255) DEFAULT NULL,
  `due_date` varchar(255) DEFAULT NULL,
  `comments` text,
  `status` int DEFAULT '0' COMMENT '0 = open; 1 = close;',
  `created_at` datetime DEFAULT CURRENT_TIMESTAMP,
  `modified_at` datetime DEFAULT NULL,
  PRIMARY KEY (`request_info_id`)
) ENGINE=MyISAM AUTO_INCREMENT=8 DEFAULT CHARSET=latin1;
/*!40101 SET character_set_client = @saved_cs_client */;

--
-- Dumping data for table `request_info`
--

LOCK TABLES `request_info` WRITE;
/*!40000 ALTER TABLE `request_info` DISABLE KEYS */;
INSERT INTO `request_info` VALUES (3,13,18,'vignesh1','Insurance certificate','29/02/2020','edsc1',0,'2020-02-04 17:02:12','2020-02-05 05:58:57'),(2,20,0,'vignesh','Insurance certificate','04/02/2020','desc',0,'2020-02-04 16:36:27','2020-02-05 08:07:29'),(5,26,0,'ID Proof','Id card','14/02/2020','Please upload ID proof',0,'2020-02-05 08:54:52',NULL),(4,13,18,'Id Proof','Id card','13/02/2020','asdfadf',0,'2020-02-05 07:30:34',NULL),(6,26,22,'Add furniture purchase invoice','Furniture purchase invoice','20/02/2020','Please upload furniture purchase invoice',0,'2020-02-05 08:55:28',NULL),(7,30,0,'Certificat Assurance','Insurance certificate','12/02/2020','please send us the document requested for the update',0,'2020-02-12 00:08:32',NULL);
/*!40000 ALTER TABLE `request_info` ENABLE KEYS */;
UNLOCK TABLES;

--
-- Table structure for table `user_old`
--

DROP TABLE IF EXISTS `user_old`;
/*!40101 SET @saved_cs_client     = @@character_set_client */;
/*!50503 SET character_set_client = utf8mb4 */;
CREATE TABLE `user_old` (
  `user_id` int NOT NULL AUTO_INCREMENT,
  `name` varchar(255) DEFAULT NULL,
  `email_id` varchar(255) DEFAULT NULL,
  `password` varchar(255) DEFAULT NULL,
  `owner_id` int DEFAULT NULL,
  `role` varchar(255) DEFAULT NULL,
  `status` int DEFAULT NULL,
  `created_at` datetime NOT NULL DEFAULT CURRENT_TIMESTAMP,
  `modified_at` datetime NOT NULL DEFAULT CURRENT_TIMESTAMP,
  PRIMARY KEY (`user_id`)
) ENGINE=InnoDB DEFAULT CHARSET=latin1;
/*!40101 SET character_set_client = @saved_cs_client */;

--
-- Dumping data for table `user_old`
--

LOCK TABLES `user_old` WRITE;
/*!40000 ALTER TABLE `user_old` DISABLE KEYS */;
/*!40000 ALTER TABLE `user_old` ENABLE KEYS */;
UNLOCK TABLES;

--
-- Table structure for table `users`
--

DROP TABLE IF EXISTS `users`;
/*!40101 SET @saved_cs_client     = @@character_set_client */;
/*!50503 SET character_set_client = utf8mb4 */;
CREATE TABLE `users` (
  `id` int unsigned NOT NULL AUTO_INCREMENT,
  `name` varchar(255) CHARACTER SET utf8mb4 COLLATE utf8mb4_unicode_ci NOT NULL,
  `email` varchar(255) CHARACTER SET utf8mb4 COLLATE utf8mb4_unicode_ci NOT NULL,
  `password` varchar(255) CHARACTER SET utf8mb4 COLLATE utf8mb4_unicode_ci NOT NULL,
  `remember_token` varchar(100) CHARACTER SET utf8mb4 COLLATE utf8mb4_unicode_ci DEFAULT NULL,
  `user_id` int DEFAULT NULL,
  `role` int DEFAULT NULL,
  `is_logged_status` int NOT NULL DEFAULT '0',
  `created_at` timestamp NULL DEFAULT NULL,
  `updated_at` timestamp NULL DEFAULT NULL,
  PRIMARY KEY (`id`)
) ENGINE=MyISAM AUTO_INCREMENT=21 DEFAULT CHARSET=utf8mb4 COLLATE=utf8mb4_unicode_ci;
/*!40101 SET character_set_client = @saved_cs_client */;

--
-- Dumping data for table `users`
--

LOCK TABLES `users` WRITE;
/*!40000 ALTER TABLE `users` DISABLE KEYS */;
INSERT INTO `users` VALUES (1,'Coralmint Admin','admin@coralmint.in','$2y$10$.0wyWtsXsU8WI3sPJyu4X.HBgHuQZ7wNs05ZjxOxSznlk81VWEOA2','z2r0Rbp2U2jkUGtOD5l8qhqzvqpsB8uRe7O40j7jNQJWKUB6C94Kk1PcunVR',NULL,1,0,'2019-10-09 08:17:05','2019-10-09 08:17:05'),(2,'Coralmint User','user@coralmint.in','$2y$10$TSg6I1er0jLnpLjJ7F2h7.rJo/O9l56QGWGrHen3Y5v5RSXkyQUlS','iU1PFqmtdYuGqF18hk6r0n98aEK29gxz0okYKI110MxVqQ6Wz8kUqmTcLBWn',NULL,2,0,'2020-01-29 02:27:16','2020-02-03 12:37:45'),(9,'vignesh','hari@gmail.com','$2y$10$ELRs/Cm8Z1TfA/mGtRazs.v6G70PhX5OzkC1U0jXRk4J7qB0g33ii','8ZkSjvBZxeJsKCGhxRQoT3YgTTY9JQobVbKuJdqmlHyNx7hdrbgXr4yPDTze',20,2,1,NULL,'2020-02-01 11:19:51'),(10,'vignesh','vinoth@coralmint.in','$2y$10$8kfb4K6gRGu4V3ISAst9SeXwPrF9rCP1z7Trg8W5BgN6uz4CQ.f4e','X89RkZYvnfWBQyKVtXuVHA9iXcECS4ShGwAMRsvpCb8xyMharFknityolWD1',21,2,1,'2020-01-30 13:25:19','2020-02-03 02:14:32'),(11,'nancyvicky','vikram3vpm@gmail.com','$2y$10$orZNQUP5CDqvzNN0dw84ZOUQoeN.ZhqjRWg5G48/G7os4cXKsce3i',NULL,23,2,0,'2020-02-01 09:45:25',NULL),(17,'Lola','coralminttechnologysolution@gmail.com','$2y$10$D1gAyCsEHLMnYAH7PJHQhOvX4F3b8uXnWx4qArX..zpUwroaD64Ru',NULL,29,2,0,'2020-02-05 09:55:03',NULL),(18,'OUSS','oly@stephaneplazaimmobilier.com','$2y$10$dqclm34eXdktmyekHGH7v..ZqBqkzFZl25Cb.OvNAGBwhjoPfmKJK','zCYmM2gWtEJ5xmoFgs35Ybby4KfiiwA3Cmq3CZQ6xz86QWfKPReq9TU5r33q',30,2,1,'2020-02-12 00:02:32','2020-02-13 10:41:34'),(13,'MONTMORENCY','ymontmorency@gmail.com','$2y$10$xKTGDQp5iYdxbxNStYADV.4uBJqNREvIkwlsCgHd5Ya4hIIFI3Cfe',NULL,25,2,0,'2020-02-03 13:15:57',NULL),(16,'Franck','contact@coralmint.in','$2y$10$6hf64sct.A0Dx9oWOG1ch.03mXEqDGWr.5nnE93uQuNPWzkyz3x/y',NULL,28,2,0,'2020-02-05 09:48:14',NULL),(20,'cmt test vinoth','lee.vino13@gmail.com','$2y$10$F0dqrJpw6SwcaNdrzzzx4.GGrl7gkV3XbuQgBEo6i4UymMLkbCPVG','m2zDDBykx046GzqWOjTM2k5orkR0y8zFZy5IIvsZejIKw1lMefQgQJ5TzF1j',32,2,1,'2020-02-13 11:21:27','2020-02-13 11:33:52');
/*!40000 ALTER TABLE `users` ENABLE KEYS */;
UNLOCK TABLES;
/*!40103 SET TIME_ZONE=@OLD_TIME_ZONE */;

/*!40101 SET SQL_MODE=@OLD_SQL_MODE */;
/*!40014 SET FOREIGN_KEY_CHECKS=@OLD_FOREIGN_KEY_CHECKS */;
/*!40014 SET UNIQUE_CHECKS=@OLD_UNIQUE_CHECKS */;
/*!40101 SET CHARACTER_SET_CLIENT=@OLD_CHARACTER_SET_CLIENT */;
/*!40101 SET CHARACTER_SET_RESULTS=@OLD_CHARACTER_SET_RESULTS */;
/*!40101 SET COLLATION_CONNECTION=@OLD_COLLATION_CONNECTION */;
/*!40111 SET SQL_NOTES=@OLD_SQL_NOTES */;

-- Dump completed on 2020-02-18  8:17:11
