-- MySQL dump 10.13  Distrib 8.0.19, for macos10.15 (x86_64)
--
-- Host: localhost    Database: coralyjd_artishow
-- ------------------------------------------------------
-- Server version	8.0.19

/*!40101 SET @OLD_CHARACTER_SET_CLIENT=@@CHARACTER_SET_CLIENT */;
/*!40101 SET @OLD_CHARACTER_SET_RESULTS=@@CHARACTER_SET_RESULTS */;
/*!40101 SET @OLD_COLLATION_CONNECTION=@@COLLATION_CONNECTION */;
/*!50503 SET NAMES utf8 */;
/*!40103 SET @OLD_TIME_ZONE=@@TIME_ZONE */;
/*!40103 SET TIME_ZONE='+00:00' */;
/*!40014 SET @OLD_UNIQUE_CHECKS=@@UNIQUE_CHECKS, UNIQUE_CHECKS=0 */;
/*!40014 SET @OLD_FOREIGN_KEY_CHECKS=@@FOREIGN_KEY_CHECKS, FOREIGN_KEY_CHECKS=0 */;
/*!40101 SET @OLD_SQL_MODE=@@SQL_MODE, SQL_MODE='NO_AUTO_VALUE_ON_ZERO' */;
/*!40111 SET @OLD_SQL_NOTES=@@SQL_NOTES, SQL_NOTES=0 */;

--
-- Table structure for table `billing_info`
--

DROP TABLE IF EXISTS `billing_info`;
/*!40101 SET @saved_cs_client     = @@character_set_client */;
/*!50503 SET character_set_client = utf8mb4 */;
CREATE TABLE `billing_info` (
  `billing_info_id` int NOT NULL AUTO_INCREMENT,
  `event_reservation_id` int DEFAULT NULL,
  `name` varchar(255) DEFAULT NULL,
  `phone` varchar(255) DEFAULT NULL,
  `email` varchar(255) DEFAULT NULL,
  `address` varchar(255) DEFAULT NULL,
  `discount_price` varchar(255) DEFAULT NULL,
  `tax_value` varchar(255) DEFAULT NULL,
  `tax_amount` varchar(255) DEFAULT NULL,
  `voucher_code` varchar(255) DEFAULT NULL,
  `total_amount` varchar(255) DEFAULT NULL,
  `currency` int DEFAULT '34',
  `payment_method` varchar(255) DEFAULT NULL,
  `payment_reference` varchar(255) DEFAULT NULL,
  `payment_date` varchar(255) DEFAULT NULL,
  `payment_status` varchar(255) DEFAULT NULL,
  `status` int DEFAULT '0',
  `created_date` datetime NOT NULL DEFAULT CURRENT_TIMESTAMP,
  `modified_date` datetime DEFAULT NULL,
  `created_at` datetime DEFAULT CURRENT_TIMESTAMP,
  `updated_at` datetime DEFAULT CURRENT_TIMESTAMP,
  PRIMARY KEY (`billing_info_id`)
) ENGINE=InnoDB AUTO_INCREMENT=111 DEFAULT CHARSET=latin1;
/*!40101 SET character_set_client = @saved_cs_client */;

--
-- Dumping data for table `billing_info`
--

LOCK TABLES `billing_info` WRITE;
/*!40000 ALTER TABLE `billing_info` DISABLE KEYS */;
INSERT INTO `billing_info` VALUES (1,1,'vignesh','09500700240','ramya@gmail.com','7 Bharathi street,Ellaipillaichavady\nPUDUCHERRY',NULL,NULL,NULL,NULL,'10',34,'Carte de crédit','ref id','2019-12-31','paid',0,'2019-12-31 07:21:22',NULL,'2020-02-22 10:20:39','2020-02-22 10:20:39'),(2,2,'vignesh','09500700240','ramya@gmail.com','7 Bharathi street,Ellaipillaichavady\nPUDUCHERRY',NULL,NULL,NULL,NULL,'10',34,'Carte de crédit','ref id','2019-12-31','paid',0,'2019-12-31 07:25:40',NULL,'2020-02-22 10:20:39','2020-02-22 10:20:39'),(3,3,'leela test','9845756676','vignesh2676@gmail.com','pondy ka test',NULL,NULL,NULL,NULL,'100',34,'En espèces','reftested','2020-01-02','paid',0,'2020-01-02 11:46:46',NULL,'2020-02-22 10:20:39','2020-02-22 10:20:39'),(4,4,'vignesh','09500700240','priya@gmail.com','7 Bharathi street,Ellaipillaichavady\nPUDUCHERRY',NULL,NULL,NULL,NULL,'1000',34,'Carte de crédit','ref id','2020-01-02','paid',0,'2020-01-02 12:59:45',NULL,'2020-02-22 10:20:39','2020-02-22 10:20:39'),(5,5,'nancy','134134','sujanancy@gmail.com','NO 5, CAPICIANSTREET,ARIYANKUPPAM',NULL,NULL,NULL,NULL,'1000',34,'En espèces','986968','2020-01-20','paid',0,'2020-01-03 06:33:50',NULL,'2020-02-22 10:20:39','2020-02-22 10:20:39'),(6,6,'nancy','0970708708','sujanancy@gmail.com','NO 5, CAPICIAN STREET ARIYANKUPPAM',NULL,NULL,NULL,NULL,'1000',34,'En espèces','245235','2020-01-21','paid',0,'2020-01-03 06:42:48',NULL,'2020-02-22 10:20:39','2020-02-22 10:20:39'),(7,6,'BENU','98698698','Sujanancy@gmail.com',NULL,NULL,NULL,NULL,NULL,'5000',34,'cash','245235','22-01-2020','paid',0,'2020-01-03 07:02:23',NULL,'2020-02-22 10:20:39','2020-02-22 10:20:39'),(8,7,'Yohan','0686894956','Yohan.artishowcabaret@gmail.com','3 cite souzy',NULL,NULL,NULL,NULL,'89',34,'En espèces',NULL,'2020-01-11','paid',0,'2020-01-07 22:40:05',NULL,'2020-02-22 10:20:39','2020-02-22 10:20:39'),(9,8,'Yohan','0686894956','Yohan.artishowcabaret@gmail.com','3 cite souzy',NULL,NULL,NULL,NULL,'89',34,'En espèces',NULL,'2020-01-11','paid',0,'2020-01-07 22:40:05',NULL,'2020-02-22 10:20:39','2020-02-22 10:20:39'),(10,9,'peter','354656542','sujanancy@gmail.com','No.4/507 Kalaivanan Nagar\nGorimadu\nPattanur',NULL,NULL,NULL,NULL,'2000',34,'En espèces','9876087','2020-01-10','paid',0,'2020-01-10 10:38:54',NULL,'2020-02-22 10:20:39','2020-02-22 10:20:39'),(11,10,'Maxime','+33 0 3 89 69 68 99','waleda@coralmint.in','RCS Mulhouse 945 850 246 - SIRET 945 850 246 00014 - NAF 2042 Z',NULL,NULL,NULL,NULL,'20',34,'Carte de crédit','78794','2020-01-10','paid',0,'2020-01-10 11:15:06',NULL,'2020-02-22 10:20:39','2020-02-22 10:20:39'),(12,11,'Rozi','8761376189','rozi@coralmint.in','asdfb123kj q',NULL,NULL,NULL,NULL,'100',34,'Carte de crédit','7894','2020-01-12','paid',0,'2020-01-12 14:19:31',NULL,'2020-02-22 10:20:39','2020-02-22 10:20:39'),(13,12,'vignesh','09500700240','admin@coralmint.in','7 Bharathi street,Ellaipillaichavady\nPUDUCHERRY',NULL,NULL,NULL,NULL,'10',34,'Carte de crédit','ref id','2020-01-13','paid',0,'2020-01-13 07:11:37',NULL,'2020-02-22 10:20:39','2020-02-22 10:20:39'),(14,13,'vignesh','09500700240','hari@gmail.com','7 Bharathi street,Ellaipillaichavady\nPUDUCHERRY',NULL,NULL,NULL,NULL,'10',34,'Carte de crédit','ref id','2020-01-13','paid',0,'2020-01-13 07:31:55',NULL,'2020-02-22 10:20:39','2020-02-22 10:20:39'),(15,14,'vignesh','09500700240','vino@gmail.com','7 Bharathi street,Ellaipillaichavady\nPUDUCHERRY',NULL,NULL,NULL,NULL,'0',34,'Sélectionnez votre méthode de paiement',NULL,'2020-01-13','pending',0,'2020-01-13 07:50:50',NULL,'2020-02-22 10:20:39','2020-02-22 10:20:39'),(16,15,'vinoth test addon','09500700240','hari@gmail.com','7 Bharathi street,Ellaipillaichavady\nPUDUCHERRY',NULL,NULL,NULL,NULL,'10',34,'Carte de crédit','ref id','2020-01-13','paid',0,'2020-01-13 12:50:16',NULL,'2020-02-22 10:20:39','2020-02-22 10:20:39'),(17,16,'vinoth test addon01','9455844584','hari@gmail.com','pondy',NULL,NULL,NULL,NULL,'0',34,'Sélectionnez votre méthode de paiement',NULL,'2020-01-14','pending',0,'2020-01-14 04:41:08',NULL,'2020-02-22 10:20:39','2020-02-22 10:20:39'),(18,17,'DENOITTE','783711208','denoitte@artishow.in','France',NULL,NULL,NULL,NULL,'0',34,'Sélectionnez votre méthode de paiement',NULL,'2020-01-21','pending',0,'2020-01-21 17:05:52',NULL,'2020-02-22 10:20:39','2020-02-22 10:20:39'),(19,18,'AVIS VOLTAIRE','143489950','avis@artishow.com','France',NULL,NULL,NULL,NULL,'0',34,NULL,NULL,'2020-01-21','pending',0,'2020-01-21 17:08:51',NULL,'2020-02-22 10:20:39','2020-02-22 10:20:39'),(20,19,'EYCHENNE','111','eychenne@artishow.com','France',NULL,NULL,NULL,NULL,'0',34,NULL,NULL,'2020-01-21','pending',0,'2020-01-21 17:10:43',NULL,'2020-02-22 10:20:39','2020-02-22 10:20:39'),(21,20,'DE VITI','663560870','deviti@artishow.com','France',NULL,NULL,NULL,NULL,'0',34,'Sélectionnez votre méthode de paiement',NULL,'2020-01-21','pending',0,'2020-01-21 17:20:35',NULL,'2020-02-22 10:20:39','2020-02-22 10:20:39'),(22,21,'GIRARDEAU','677140056','a@artishow.com','France',NULL,NULL,NULL,NULL,'0',34,NULL,NULL,'2020-01-21','pending',0,'2020-01-21 17:22:30',NULL,'2020-02-22 10:20:39','2020-02-22 10:20:39'),(23,22,'Yves','00000000','ymontmorency@gmail.com','ETETTT',NULL,NULL,NULL,NULL,'5400',34,'En espèces','999099','2020-01-27','paid',0,'2020-01-27 21:19:11',NULL,'2020-02-22 10:20:39','2020-02-22 10:20:39'),(24,23,'Midi','988217261','midi@coralmint.in','Midi',NULL,NULL,NULL,NULL,'136',34,'Carte de crédit','3214','2020-02-13','paid',0,'2020-02-06 05:10:17',NULL,'2020-02-22 10:20:39','2020-02-22 10:20:39'),(25,24,'soir','123456789','soir@coralmint.in','soir',NULL,NULL,NULL,NULL,'238',34,'Sélectionnez votre méthode de paiement',NULL,'2020-02-07','paid',0,'2020-02-06 05:12:59',NULL,'2020-02-22 10:20:39','2020-02-22 10:20:39'),(26,25,'vinoth','09500700240','vinoth@coralmint.in','pondy',NULL,NULL,NULL,NULL,'0',34,'Sélectionnez votre méthode de paiement',NULL,'2020-02-13','pending',0,'2020-02-11 17:13:14',NULL,'2020-02-22 10:20:39','2020-02-22 10:20:39'),(27,26,'Club Animation','9876543210','ClubAnimation@coralmint.in','Club Animation',NULL,NULL,NULL,NULL,'0',34,'Sélectionnez votre méthode de paiement',NULL,'2020-02-13','pending',0,'2020-02-13 09:05:05',NULL,'2020-02-22 10:20:39','2020-02-22 10:20:39'),(28,27,'UNI','09 60 42 43 40','UNILOISIRS@coralmint.in','FRANCe',NULL,NULL,NULL,NULL,'0',34,'Sélectionnez votre méthode de paiement',NULL,'2020-02-13','pending',0,'2020-02-13 09:08:42',NULL,'2020-02-22 10:20:39','2020-02-22 10:20:39'),(29,28,'Yohan','0686894956','Yohan.artishowcabaret@gmail.com','3 cite Souzy',NULL,NULL,NULL,NULL,'0',34,'Sélectionnez votre méthode de paiement',NULL,'2020-02-14','pending',0,'2020-02-14 16:13:16',NULL,'2020-02-22 10:20:39','2020-02-22 10:20:39'),(30,29,'pascal','0686894956','pyxprod@gmail.com','vgjudrtgxhcfgvjvfc',NULL,NULL,NULL,NULL,'0',34,'Sélectionnez votre méthode de paiement',NULL,'2020-02-15','pending',0,'2020-02-15 15:38:16',NULL,'2020-02-22 10:20:39','2020-02-22 10:20:39'),(31,30,'Frederic','0611052889','frederichemmert@hotmail.com','36 rue de wattignies',NULL,NULL,NULL,NULL,'0',34,'Sélectionnez votre méthode de paiement',NULL,'2020-02-19','pending',0,'2020-02-18 18:18:02',NULL,'2020-02-22 10:20:39','2020-02-22 10:20:39'),(32,31,'Samar','0618881368','samar.elhassani@gmail.com','181 bd voltaire',NULL,NULL,NULL,NULL,'0',34,'Sélectionnez votre méthode de paiement',NULL,'2020-02-19','pending',0,'2020-02-18 18:32:15',NULL,'2020-02-22 10:20:39','2020-02-22 10:20:39'),(33,32,'Olivier','0632509873','liebaert.olivier@hotmail.fr','2 Rue Henry henno',NULL,NULL,NULL,NULL,'0',34,'Sélectionnez votre méthode de paiement',NULL,'2020-02-19','pending',0,'2020-02-18 18:41:03',NULL,'2020-02-22 10:20:39','2020-02-22 10:20:39'),(34,33,'Corine','0663277736','corine.pike@laposte.net','87 rue Pelleport',NULL,NULL,NULL,NULL,'0',34,NULL,NULL,'2020-02-19','pending',0,'2020-02-18 18:51:49',NULL,'2020-02-22 10:20:39','2020-02-22 10:20:39'),(35,34,'YOHAN','0686894956','yohan.artishowcabaret@gmail.com','3 Cité Souzy\nARTISHOW CABARET',NULL,NULL,NULL,NULL,'378',34,'Carte de crédit',NULL,'2020-02-19','paid',0,'2020-02-19 14:19:40',NULL,'2020-02-22 10:20:39','2020-02-22 10:20:39'),(36,35,'ggggggggggggg','00000000000','ggggg@gmail.com','gggggggggg',NULL,NULL,NULL,NULL,'100',34,'Sélectionnez votre méthode de paiement',NULL,'2020-02-26','paid',0,'2020-02-19 15:03:27',NULL,'2020-02-22 10:20:39','2020-02-22 10:20:39'),(37,36,'rude','000111111','rude@gmail.com','fdfd',NULL,NULL,NULL,NULL,'100',34,NULL,NULL,'2020-02-27','paid',0,'2020-02-19 15:08:10',NULL,'2020-02-22 10:20:39','2020-02-22 10:20:39'),(98,110,NULL,NULL,NULL,NULL,NULL,NULL,NULL,NULL,NULL,34,'monetico','345136','2020-02-21',NULL,0,'2020-02-22 10:58:07',NULL,'2020-02-22 05:28:07','2020-02-22 05:28:07'),(99,111,NULL,NULL,NULL,NULL,NULL,NULL,NULL,NULL,NULL,34,'monetico','318223','2020-02-21',NULL,0,'2020-02-22 10:58:07',NULL,'2020-02-22 05:28:07','2020-02-22 05:28:07'),(100,112,NULL,NULL,NULL,NULL,NULL,NULL,NULL,NULL,NULL,34,'monetico','234052','2020-02-21',NULL,0,'2020-02-22 10:58:07',NULL,'2020-02-22 05:28:07','2020-02-22 05:28:07'),(101,113,NULL,NULL,NULL,NULL,NULL,NULL,NULL,NULL,NULL,34,'monetico','801326','2020-02-20',NULL,0,'2020-02-22 10:58:07',NULL,'2020-02-22 05:28:07','2020-02-22 05:28:07'),(102,114,NULL,NULL,NULL,NULL,NULL,NULL,NULL,NULL,NULL,34,'monetico','110656','2020-02-18',NULL,0,'2020-02-22 10:58:07',NULL,'2020-02-22 05:28:07','2020-02-22 05:28:07'),(103,115,NULL,NULL,NULL,NULL,NULL,NULL,NULL,NULL,NULL,34,'monetico','941331','2020-02-18',NULL,0,'2020-02-22 10:58:07',NULL,'2020-02-22 05:28:07','2020-02-22 05:28:07'),(104,116,NULL,NULL,NULL,NULL,NULL,NULL,NULL,NULL,NULL,34,'monetico','194811','2020-02-16',NULL,0,'2020-02-22 10:58:07',NULL,'2020-02-22 05:28:07','2020-02-22 05:28:07'),(105,117,NULL,NULL,NULL,NULL,NULL,NULL,NULL,NULL,NULL,34,'monetico','236330','2020-02-16',NULL,0,'2020-02-22 10:58:07',NULL,'2020-02-22 05:28:07','2020-02-22 05:28:07'),(106,118,NULL,NULL,NULL,NULL,NULL,NULL,NULL,NULL,NULL,34,'monetico','115563','2020-02-15',NULL,0,'2020-02-22 10:58:07',NULL,'2020-02-22 05:28:07','2020-02-22 05:28:07'),(107,119,NULL,NULL,NULL,NULL,NULL,NULL,NULL,NULL,NULL,34,'monetico','574616','2020-02-15',NULL,0,'2020-02-22 10:58:07',NULL,'2020-02-22 05:28:07','2020-02-22 05:28:07'),(108,NULL,NULL,NULL,NULL,NULL,NULL,NULL,NULL,NULL,NULL,34,'monetico','','1970-01-01',NULL,0,'2020-02-22 11:06:44',NULL,'2020-02-22 05:36:44','2020-02-22 05:36:44'),(109,120,NULL,NULL,NULL,NULL,NULL,NULL,NULL,NULL,NULL,34,'monetico','','1970-01-01',NULL,0,'2020-02-22 11:33:11',NULL,'2020-02-22 06:03:11','2020-02-22 06:03:11'),(110,121,NULL,NULL,NULL,NULL,NULL,NULL,NULL,NULL,NULL,34,'monetico','','1970-01-01',NULL,0,'2020-02-22 11:33:11',NULL,'2020-02-22 06:03:11','2020-02-22 06:03:11');
/*!40000 ALTER TABLE `billing_info` ENABLE KEYS */;
UNLOCK TABLES;

--
-- Table structure for table `currency`
--

DROP TABLE IF EXISTS `currency`;
/*!40101 SET @saved_cs_client     = @@character_set_client */;
/*!50503 SET character_set_client = utf8mb4 */;
CREATE TABLE `currency` (
  `currency_id` int NOT NULL AUTO_INCREMENT,
  `country` varchar(255) DEFAULT NULL,
  `currency` varchar(255) DEFAULT NULL,
  `code` varchar(255) DEFAULT NULL,
  `symbol` varchar(255) DEFAULT NULL,
  `status` int DEFAULT '0',
  `created_date` datetime NOT NULL DEFAULT CURRENT_TIMESTAMP,
  `modified_date` int DEFAULT NULL,
  PRIMARY KEY (`currency_id`)
) ENGINE=InnoDB AUTO_INCREMENT=1172 DEFAULT CHARSET=latin1;
/*!40101 SET character_set_client = @saved_cs_client */;

--
-- Dumping data for table `currency`
--

LOCK TABLES `currency` WRITE;
/*!40000 ALTER TABLE `currency` DISABLE KEYS */;
INSERT INTO `currency` VALUES (1,'Albania','Leke','ALL','Lek',0,'2019-11-09 11:22:30',NULL),(2,'America','Dollars','USD','$',0,'2019-11-09 11:22:30',NULL),(3,'Argentina','Pesos','ARS','$',0,'2019-11-09 11:26:11',NULL),(4,'Aruba','Guilders','AWG','ƒ',0,'2019-11-09 11:26:11',NULL),(5,'Australia','Dollars','AUD','$',0,'2019-11-09 11:26:11',NULL),(6,'Bahamas','Dollars','BSD','$',0,'2019-11-09 11:26:11',NULL),(7,'Barbados','Dollars','BBD','$',0,'2019-11-09 11:26:11',NULL),(8,'Belarus','Rubles','BYR','p.',0,'2019-11-09 11:26:11',NULL),(9,'Belgium','Euro','EUR','€',0,'2019-11-09 11:26:11',NULL),(10,'Beliz','Dollars','BZD','BZ$',0,'2019-11-09 11:26:11',NULL),(11,'Bermuda','Dollars','BMD','$',0,'2019-11-09 11:26:11',NULL),(12,'Bolivia','Bolivianos','BOB','$b',0,'2019-11-09 11:26:11',NULL),(13,'Bosnia and Herzegovina','Convertible Marka','BAM','KM',0,'2019-11-09 11:26:11',NULL),(14,'Botswana','Pula','BWP','P',0,'2019-11-09 11:26:11',NULL),(15,'Brazil','Reais','BRL','R$',0,'2019-11-09 11:26:11',NULL),(16,'Britain (United Kingdom)','Pounds','GBP','£',0,'2019-11-09 11:26:11',NULL),(17,'Brunei Darussalam','Dollars','BND','$',0,'2019-11-09 11:26:11',NULL),(18,'Canada','Dollars','CAD','$',0,'2019-11-09 11:26:11',NULL),(19,'Cayman Islands','Dollars','KYD','$',0,'2019-11-09 11:26:11',NULL),(20,'Chile','Pesos','CLP','$',0,'2019-11-09 11:26:11',NULL),(21,'China','Yuan Renminbi','CNY','¥',0,'2019-11-09 11:26:11',NULL),(22,'Colombia','Pesos','COP','$',0,'2019-11-09 11:26:11',NULL),(23,'Croatia','Kuna','HRK','kn',0,'2019-11-09 11:26:11',NULL),(24,'Cyprus','Euro','EUR','€',0,'2019-11-09 11:26:11',NULL),(25,'Denmark','Kroner','DKK','kr',0,'2019-11-09 11:26:11',NULL),(26,'Dominican Republic','Pesos','DOP ','RD$',0,'2019-11-09 11:26:11',NULL),(27,'East Caribbean','Dollars','XCD','$',0,'2019-11-09 11:26:11',NULL),(28,'Egypt','Pounds','EGP','£',0,'2019-11-09 11:26:11',NULL),(29,'El Salvador','Colones','SVC','$',0,'2019-11-09 11:26:11',NULL),(30,'England (United Kingdom)','Pounds','GBP','£',0,'2019-11-09 11:26:11',NULL),(31,'Euro','Euro','EUR','€',0,'2019-11-09 11:26:11',NULL),(32,'Falkland Islands','Pounds','FKP','£',0,'2019-11-09 11:26:11',NULL),(33,'Fiji','Dollars','FJD','$',0,'2019-11-09 11:26:11',NULL),(34,'France','Euro','EUR','€',0,'2019-11-09 11:26:11',NULL),(35,'Ghana','Cedis','GHC','¢',0,'2019-11-09 11:26:11',NULL),(36,'Gibraltar','Pounds','GIP','£',0,'2019-11-09 11:26:11',NULL),(37,'Greece','Euro','EUR','€',0,'2019-11-09 11:26:11',NULL),(38,'Guatemala','Quetzales','GTQ','Q',0,'2019-11-09 11:26:11',NULL),(39,'Guernsey','Pounds','GGP','£',0,'2019-11-09 11:26:11',NULL),(40,'Guyana','Dollars','GYD','$',0,'2019-11-09 11:26:11',NULL),(41,'Holland (Netherlands)','Euro','EUR','€',0,'2019-11-09 11:26:11',NULL),(42,'Honduras','Lempiras','HNL','L',0,'2019-11-09 11:26:11',NULL),(43,'Hong Kong','Dollars','HKD','$',0,'2019-11-09 11:26:11',NULL),(44,'Hungary','Forint','HUF','Ft',0,'2019-11-09 11:26:11',NULL),(45,'Iceland','Kronur','ISK','kr',0,'2019-11-09 11:26:11',NULL),(46,'India','Rupees','INR','Rp',0,'2019-11-09 11:26:11',NULL),(47,'Argentina','Pesos','ARS','$',0,'2019-11-09 11:27:17',NULL),(48,'Aruba','Guilders','AWG','ƒ',0,'2019-11-09 11:27:17',NULL),(49,'Australia','Dollars','AUD','$',0,'2019-11-09 11:27:17',NULL),(50,'Bahamas','Dollars','BSD','$',0,'2019-11-09 11:27:17',NULL),(51,'Barbados','Dollars','BBD','$',0,'2019-11-09 11:27:17',NULL),(52,'Belarus','Rubles','BYR','p.',0,'2019-11-09 11:27:17',NULL),(53,'Belgium','Euro','EUR','€',0,'2019-11-09 11:27:17',NULL),(54,'Beliz','Dollars','BZD','BZ$',0,'2019-11-09 11:27:17',NULL),(55,'Bermuda','Dollars','BMD','$',0,'2019-11-09 11:27:17',NULL),(56,'Bolivia','Bolivianos','BOB','$b',0,'2019-11-09 11:27:17',NULL),(57,'Bosnia and Herzegovina','Convertible Marka','BAM','KM',0,'2019-11-09 11:27:17',NULL),(58,'Botswana','Pula','BWP','P',0,'2019-11-09 11:27:17',NULL),(59,'Brazil','Reais','BRL','R$',0,'2019-11-09 11:27:17',NULL),(60,'Britain (United Kingdom)','Pounds','GBP','£',0,'2019-11-09 11:27:17',NULL),(61,'Brunei Darussalam','Dollars','BND','$',0,'2019-11-09 11:27:17',NULL),(62,'Canada','Dollars','CAD','$',0,'2019-11-09 11:27:17',NULL),(63,'Cayman Islands','Dollars','KYD','$',0,'2019-11-09 11:27:17',NULL),(64,'Chile','Pesos','CLP','$',0,'2019-11-09 11:27:17',NULL),(65,'China','Yuan Renminbi','CNY','¥',0,'2019-11-09 11:27:17',NULL),(66,'Colombia','Pesos','COP','$',0,'2019-11-09 11:27:17',NULL),(67,'Croatia','Kuna','HRK','kn',0,'2019-11-09 11:27:17',NULL),(68,'Cyprus','Euro','EUR','€',0,'2019-11-09 11:27:17',NULL),(69,'Denmark','Kroner','DKK','kr',0,'2019-11-09 11:27:17',NULL),(70,'Dominican Republic','Pesos','DOP ','RD$',0,'2019-11-09 11:27:17',NULL),(71,'East Caribbean','Dollars','XCD','$',0,'2019-11-09 11:27:17',NULL),(72,'Egypt','Pounds','EGP','£',0,'2019-11-09 11:27:17',NULL),(73,'El Salvador','Colones','SVC','$',0,'2019-11-09 11:27:17',NULL),(74,'England (United Kingdom)','Pounds','GBP','£',0,'2019-11-09 11:27:17',NULL),(75,'Euro','Euro','EUR','€',0,'2019-11-09 11:27:17',NULL),(76,'Falkland Islands','Pounds','FKP','£',0,'2019-11-09 11:27:17',NULL),(77,'Fiji','Dollars','FJD','$',0,'2019-11-09 11:27:17',NULL),(78,'France','Euro','EUR','€',0,'2019-11-09 11:27:17',NULL),(79,'Ghana','Cedis','GHC','¢',0,'2019-11-09 11:27:17',NULL),(80,'Gibraltar','Pounds','GIP','£',0,'2019-11-09 11:27:17',NULL),(81,'Greece','Euro','EUR','€',0,'2019-11-09 11:27:17',NULL),(82,'Guatemala','Quetzales','GTQ','Q',0,'2019-11-09 11:27:17',NULL),(83,'Guernsey','Pounds','GGP','£',0,'2019-11-09 11:27:17',NULL),(84,'Guyana','Dollars','GYD','$',0,'2019-11-09 11:27:17',NULL),(85,'Holland (Netherlands)','Euro','EUR','€',0,'2019-11-09 11:27:17',NULL),(86,'Honduras','Lempiras','HNL','L',0,'2019-11-09 11:27:17',NULL),(87,'Hong Kong','Dollars','HKD','$',0,'2019-11-09 11:27:17',NULL),(88,'Hungary','Forint','HUF','Ft',0,'2019-11-09 11:27:17',NULL),(89,'Iceland','Kronur','ISK','kr',0,'2019-11-09 11:27:17',NULL),(90,'India','Rupees','INR','Rp',0,'2019-11-09 11:27:17',NULL),(91,'Argentina','Pesos','ARS','$',0,'2019-11-09 11:30:23',NULL),(92,'Aruba','Guilders','AWG','ƒ',0,'2019-11-09 11:30:23',NULL),(93,'Australia','Dollars','AUD','$',0,'2019-11-09 11:30:23',NULL),(94,'Argentina','Pesos','ARS','$',0,'2019-11-09 11:30:28',NULL),(95,'Aruba','Guilders','AWG','ƒ',0,'2019-11-09 11:30:28',NULL),(96,'Australia','Dollars','AUD','$',0,'2019-11-09 11:30:28',NULL),(97,'Bahamas','Dollars','BSD','$',0,'2019-11-09 11:30:52',NULL),(98,'Barbados','Dollars','BBD','$',0,'2019-11-09 11:30:52',NULL),(99,'Belarus','Rubles','BYR','p.',0,'2019-11-09 11:30:52',NULL),(100,'Belgium','Euro','EUR','€',0,'2019-11-09 11:30:52',NULL),(101,'Beliz','Dollars','BZD','BZ$',0,'2019-11-09 11:30:52',NULL),(102,'Bermuda','Dollars','BMD','$',0,'2019-11-09 11:30:52',NULL),(103,'Bolivia','Bolivianos','BOB','$b',0,'2019-11-09 11:30:52',NULL),(104,'Bosnia and Herzegovina','Convertible Marka','BAM','KM',0,'2019-11-09 11:30:52',NULL),(105,'Botswana','Pula','BWP','P',0,'2019-11-09 11:30:52',NULL),(106,'Bahamas','Dollars','BSD','$',0,'2019-11-09 11:30:57',NULL),(107,'Barbados','Dollars','BBD','$',0,'2019-11-09 11:30:57',NULL),(108,'Belarus','Rubles','BYR','p.',0,'2019-11-09 11:30:57',NULL),(109,'Belgium','Euro','EUR','€',0,'2019-11-09 11:30:57',NULL),(110,'Beliz','Dollars','BZD','BZ$',0,'2019-11-09 11:30:57',NULL),(111,'Bermuda','Dollars','BMD','$',0,'2019-11-09 11:30:57',NULL),(112,'Bolivia','Bolivianos','BOB','$b',0,'2019-11-09 11:30:57',NULL),(113,'Bosnia and Herzegovina','Convertible Marka','BAM','KM',0,'2019-11-09 11:30:57',NULL),(114,'Botswana','Pula','BWP','P',0,'2019-11-09 11:30:57',NULL),(115,'Brazil','Reais','BRL','R$',0,'2019-11-09 11:31:15',NULL),(116,'Britain (United Kingdom)','Pounds','GBP','£',0,'2019-11-09 11:31:15',NULL),(117,'Brunei Darussalam','Dollars','BND','$',0,'2019-11-09 11:31:15',NULL),(118,'Canada','Dollars','CAD','$',0,'2019-11-09 11:31:15',NULL),(119,'Cayman Islands','Dollars','KYD','$',0,'2019-11-09 11:31:15',NULL),(120,'Chile','Pesos','CLP','$',0,'2019-11-09 11:31:15',NULL),(121,'China','Yuan Renminbi','CNY','¥',0,'2019-11-09 11:31:15',NULL),(122,'Colombia','Pesos','COP','$',0,'2019-11-09 11:31:15',NULL),(123,'Croatia','Kuna','HRK','kn',0,'2019-11-09 11:31:15',NULL),(124,'Cyprus','Euro','EUR','€',0,'2019-11-09 11:31:15',NULL),(125,'Denmark','Kroner','DKK','kr',0,'2019-11-09 11:31:15',NULL),(126,'Dominican Republic','Pesos','DOP ','RD$',0,'2019-11-09 11:31:15',NULL),(127,'East Caribbean','Dollars','XCD','$',0,'2019-11-09 11:31:15',NULL),(128,'Egypt','Pounds','EGP','£',0,'2019-11-09 11:31:15',NULL),(129,'El Salvador','Colones','SVC','$',0,'2019-11-09 11:31:15',NULL),(130,'England (United Kingdom)','Pounds','GBP','£',0,'2019-11-09 11:31:15',NULL),(131,'Euro','Euro','EUR','€',0,'2019-11-09 11:31:15',NULL),(132,'Falkland Islands','Pounds','FKP','£',0,'2019-11-09 11:31:15',NULL),(133,'Fiji','Dollars','FJD','$',0,'2019-11-09 11:31:15',NULL),(134,'France','Euro','EUR','€',0,'2019-11-09 11:31:15',NULL),(135,'Ghana','Cedis','GHC','¢',0,'2019-11-09 11:31:15',NULL),(136,'Gibraltar','Pounds','GIP','£',0,'2019-11-09 11:31:15',NULL),(137,'Greece','Euro','EUR','€',0,'2019-11-09 11:31:15',NULL),(138,'Guatemala','Quetzales','GTQ','Q',0,'2019-11-09 11:31:15',NULL),(139,'Guernsey','Pounds','GGP','£',0,'2019-11-09 11:31:15',NULL),(140,'Guyana','Dollars','GYD','$',0,'2019-11-09 11:31:15',NULL),(141,'Holland (Netherlands)','Euro','EUR','€',0,'2019-11-09 11:31:15',NULL),(142,'Honduras','Lempiras','HNL','L',0,'2019-11-09 11:31:15',NULL),(143,'Hong Kong','Dollars','HKD','$',0,'2019-11-09 11:31:15',NULL),(144,'Hungary','Forint','HUF','Ft',0,'2019-11-09 11:31:15',NULL),(145,'Iceland','Kronur','ISK','kr',0,'2019-11-09 11:31:15',NULL),(146,'India','Rupees','INR','Rp',0,'2019-11-09 11:31:15',NULL),(147,'Indonesia','Rupiahs','IDR','Rp',0,'2019-11-09 11:31:15',NULL),(148,'Ireland','Euro','EUR','€',0,'2019-11-09 11:31:15',NULL),(149,'Isle of Man','Pounds','IMP','£',0,'2019-11-09 11:31:15',NULL),(150,'Italy','Euro','EUR','€',0,'2019-11-09 11:31:15',NULL),(151,'Jamaica','Dollars','JMD','J$',0,'2019-11-09 11:31:15',NULL),(152,'Japan','Yen','JPY','¥',0,'2019-11-09 11:31:15',NULL),(153,'Jersey','Pounds','JEP','£',0,'2019-11-09 11:31:15',NULL),(154,'Latvia','Lati','LVL','Ls',0,'2019-11-09 11:31:15',NULL),(155,'Brazil','Reais','BRL','R$',0,'2019-11-09 11:31:31',NULL),(156,'Britain (United Kingdom)','Pounds','GBP','£',0,'2019-11-09 11:31:31',NULL),(157,'Brunei Darussalam','Dollars','BND','$',0,'2019-11-09 11:31:31',NULL),(158,'Canada','Dollars','CAD','$',0,'2019-11-09 11:31:31',NULL),(159,'Cayman Islands','Dollars','KYD','$',0,'2019-11-09 11:31:31',NULL),(160,'Chile','Pesos','CLP','$',0,'2019-11-09 11:31:31',NULL),(161,'China','Yuan Renminbi','CNY','¥',0,'2019-11-09 11:31:31',NULL),(162,'Colombia','Pesos','COP','$',0,'2019-11-09 11:31:31',NULL),(163,'Croatia','Kuna','HRK','kn',0,'2019-11-09 11:31:31',NULL),(164,'Cyprus','Euro','EUR','€',0,'2019-11-09 11:31:31',NULL),(165,'Denmark','Kroner','DKK','kr',0,'2019-11-09 11:31:31',NULL),(166,'Dominican Republic','Pesos','DOP ','RD$',0,'2019-11-09 11:31:31',NULL),(167,'East Caribbean','Dollars','XCD','$',0,'2019-11-09 11:31:31',NULL),(168,'Egypt','Pounds','EGP','£',0,'2019-11-09 11:31:31',NULL),(169,'El Salvador','Colones','SVC','$',0,'2019-11-09 11:31:31',NULL),(170,'England (United Kingdom)','Pounds','GBP','£',0,'2019-11-09 11:31:31',NULL),(171,'Euro','Euro','EUR','€',0,'2019-11-09 11:31:31',NULL),(172,'Falkland Islands','Pounds','FKP','£',0,'2019-11-09 11:31:31',NULL),(173,'Fiji','Dollars','FJD','$',0,'2019-11-09 11:31:31',NULL),(174,'France','Euro','EUR','€',0,'2019-11-09 11:31:31',NULL),(175,'Ghana','Cedis','GHC','¢',0,'2019-11-09 11:31:31',NULL),(176,'Gibraltar','Pounds','GIP','£',0,'2019-11-09 11:31:31',NULL),(177,'Greece','Euro','EUR','€',0,'2019-11-09 11:31:31',NULL),(178,'Guatemala','Quetzales','GTQ','Q',0,'2019-11-09 11:31:31',NULL),(179,'Guernsey','Pounds','GGP','£',0,'2019-11-09 11:31:31',NULL),(180,'Guyana','Dollars','GYD','$',0,'2019-11-09 11:31:31',NULL),(181,'Holland (Netherlands)','Euro','EUR','€',0,'2019-11-09 11:31:31',NULL),(182,'Honduras','Lempiras','HNL','L',0,'2019-11-09 11:31:31',NULL),(183,'Hong Kong','Dollars','HKD','$',0,'2019-11-09 11:31:31',NULL),(184,'Hungary','Forint','HUF','Ft',0,'2019-11-09 11:31:31',NULL),(185,'Iceland','Kronur','ISK','kr',0,'2019-11-09 11:31:31',NULL),(186,'India','Rupees','INR','Rp',0,'2019-11-09 11:31:31',NULL),(187,'Indonesia','Rupiahs','IDR','Rp',0,'2019-11-09 11:31:31',NULL),(188,'Ireland','Euro','EUR','€',0,'2019-11-09 11:31:31',NULL),(189,'Isle of Man','Pounds','IMP','£',0,'2019-11-09 11:31:31',NULL),(190,'Italy','Euro','EUR','€',0,'2019-11-09 11:31:31',NULL),(191,'Jamaica','Dollars','JMD','J$',0,'2019-11-09 11:31:31',NULL),(192,'Japan','Yen','JPY','¥',0,'2019-11-09 11:31:31',NULL),(193,'Jersey','Pounds','JEP','£',0,'2019-11-09 11:31:31',NULL),(194,'Latvia','Lati','LVL','Ls',0,'2019-11-09 11:31:31',NULL),(195,'Lebanon','Pounds','LBP','£',0,'2019-11-09 11:31:31',NULL),(196,'Brazil','Reais','BRL','R$',0,'2019-11-09 11:31:46',NULL),(197,'Britain (United Kingdom)','Pounds','GBP','£',0,'2019-11-09 11:31:46',NULL),(198,'Brunei Darussalam','Dollars','BND','$',0,'2019-11-09 11:31:46',NULL),(199,'Canada','Dollars','CAD','$',0,'2019-11-09 11:31:46',NULL),(200,'Cayman Islands','Dollars','KYD','$',0,'2019-11-09 11:31:46',NULL),(201,'Chile','Pesos','CLP','$',0,'2019-11-09 11:31:46',NULL),(202,'China','Yuan Renminbi','CNY','¥',0,'2019-11-09 11:31:46',NULL),(203,'Colombia','Pesos','COP','$',0,'2019-11-09 11:31:46',NULL),(204,'Croatia','Kuna','HRK','kn',0,'2019-11-09 11:31:46',NULL),(205,'Cyprus','Euro','EUR','€',0,'2019-11-09 11:31:46',NULL),(206,'Denmark','Kroner','DKK','kr',0,'2019-11-09 11:31:46',NULL),(207,'Dominican Republic','Pesos','DOP ','RD$',0,'2019-11-09 11:31:46',NULL),(208,'East Caribbean','Dollars','XCD','$',0,'2019-11-09 11:31:46',NULL),(209,'Egypt','Pounds','EGP','£',0,'2019-11-09 11:31:46',NULL),(210,'El Salvador','Colones','SVC','$',0,'2019-11-09 11:31:46',NULL),(211,'England (United Kingdom)','Pounds','GBP','£',0,'2019-11-09 11:31:46',NULL),(212,'Euro','Euro','EUR','€',0,'2019-11-09 11:31:46',NULL),(213,'Falkland Islands','Pounds','FKP','£',0,'2019-11-09 11:31:46',NULL),(214,'Fiji','Dollars','FJD','$',0,'2019-11-09 11:31:46',NULL),(215,'France','Euro','EUR','€',0,'2019-11-09 11:31:46',NULL),(216,'Ghana','Cedis','GHC','¢',0,'2019-11-09 11:31:46',NULL),(217,'Gibraltar','Pounds','GIP','£',0,'2019-11-09 11:31:46',NULL),(218,'Greece','Euro','EUR','€',0,'2019-11-09 11:31:46',NULL),(219,'Guatemala','Quetzales','GTQ','Q',0,'2019-11-09 11:31:46',NULL),(220,'Guernsey','Pounds','GGP','£',0,'2019-11-09 11:31:46',NULL),(221,'Guyana','Dollars','GYD','$',0,'2019-11-09 11:31:46',NULL),(222,'Holland (Netherlands)','Euro','EUR','€',0,'2019-11-09 11:31:46',NULL),(223,'Honduras','Lempiras','HNL','L',0,'2019-11-09 11:31:46',NULL),(224,'Hong Kong','Dollars','HKD','$',0,'2019-11-09 11:31:46',NULL),(225,'Hungary','Forint','HUF','Ft',0,'2019-11-09 11:31:46',NULL),(226,'Iceland','Kronur','ISK','kr',0,'2019-11-09 11:31:46',NULL),(227,'India','Rupees','INR','Rp',0,'2019-11-09 11:31:46',NULL),(228,'Indonesia','Rupiahs','IDR','Rp',0,'2019-11-09 11:31:46',NULL),(229,'Ireland','Euro','EUR','€',0,'2019-11-09 11:31:46',NULL),(230,'Isle of Man','Pounds','IMP','£',0,'2019-11-09 11:31:46',NULL),(231,'Italy','Euro','EUR','€',0,'2019-11-09 11:31:46',NULL),(232,'Jamaica','Dollars','JMD','J$',0,'2019-11-09 11:31:46',NULL),(233,'Japan','Yen','JPY','¥',0,'2019-11-09 11:31:46',NULL),(234,'Jersey','Pounds','JEP','£',0,'2019-11-09 11:31:46',NULL),(235,'Latvia','Lati','LVL','Ls',0,'2019-11-09 11:31:46',NULL),(236,'Lebanon','Pounds','LBP','£',0,'2019-11-09 11:31:46',NULL),(237,'Liberia','Dollars','LRD','$',0,'2019-11-09 11:31:46',NULL),(238,'Brazil','Reais','BRL','R$',0,'2019-11-09 11:36:44',NULL),(239,'Britain (United Kingdom)','Pounds','GBP','£',0,'2019-11-09 11:36:44',NULL),(240,'Brunei Darussalam','Dollars','BND','$',0,'2019-11-09 11:36:44',NULL),(241,'Canada','Dollars','CAD','$',0,'2019-11-09 11:36:44',NULL),(242,'Cayman Islands','Dollars','KYD','$',0,'2019-11-09 11:36:44',NULL),(243,'Chile','Pesos','CLP','$',0,'2019-11-09 11:36:44',NULL),(244,'China','Yuan Renminbi','CNY','¥',0,'2019-11-09 11:36:44',NULL),(245,'Colombia','Pesos','COP','$',0,'2019-11-09 11:36:44',NULL),(246,'Croatia','Kuna','HRK','kn',0,'2019-11-09 11:36:44',NULL),(247,'Cyprus','Euro','EUR','€',0,'2019-11-09 11:36:44',NULL),(248,'Denmark','Kroner','DKK','kr',0,'2019-11-09 11:36:44',NULL),(249,'Dominican Republic','Pesos','DOP ','RD$',0,'2019-11-09 11:36:44',NULL),(250,'East Caribbean','Dollars','XCD','$',0,'2019-11-09 11:36:44',NULL),(251,'Egypt','Pounds','EGP','£',0,'2019-11-09 11:36:44',NULL),(252,'El Salvador','Colones','SVC','$',0,'2019-11-09 11:36:44',NULL),(253,'England (United Kingdom)','Pounds','GBP','£',0,'2019-11-09 11:36:44',NULL),(254,'Euro','Euro','EUR','€',0,'2019-11-09 11:36:44',NULL),(255,'Falkland Islands','Pounds','FKP','£',0,'2019-11-09 11:36:44',NULL),(256,'Fiji','Dollars','FJD','$',0,'2019-11-09 11:36:44',NULL),(257,'France','Euro','EUR','€',0,'2019-11-09 11:36:44',NULL),(258,'Ghana','Cedis','GHC','¢',0,'2019-11-09 11:36:44',NULL),(259,'Gibraltar','Pounds','GIP','£',0,'2019-11-09 11:36:44',NULL),(260,'Greece','Euro','EUR','€',0,'2019-11-09 11:36:44',NULL),(261,'Guatemala','Quetzales','GTQ','Q',0,'2019-11-09 11:36:44',NULL),(262,'Guernsey','Pounds','GGP','£',0,'2019-11-09 11:36:44',NULL),(263,'Guyana','Dollars','GYD','$',0,'2019-11-09 11:36:44',NULL),(264,'Holland (Netherlands)','Euro','EUR','€',0,'2019-11-09 11:36:44',NULL),(265,'Honduras','Lempiras','HNL','L',0,'2019-11-09 11:36:44',NULL),(266,'Hong Kong','Dollars','HKD','$',0,'2019-11-09 11:36:44',NULL),(267,'Hungary','Forint','HUF','Ft',0,'2019-11-09 11:36:44',NULL),(268,'Iceland','Kronur','ISK','kr',0,'2019-11-09 11:36:44',NULL),(269,'India','Rupees','INR','Rp',0,'2019-11-09 11:36:44',NULL),(270,'Indonesia','Rupiahs','IDR','Rp',0,'2019-11-09 11:36:44',NULL),(271,'Ireland','Euro','EUR','€',0,'2019-11-09 11:36:44',NULL),(272,'Isle of Man','Pounds','IMP','£',0,'2019-11-09 11:36:44',NULL),(273,'Italy','Euro','EUR','€',0,'2019-11-09 11:36:44',NULL),(274,'Jamaica','Dollars','JMD','J$',0,'2019-11-09 11:36:44',NULL),(275,'Japan','Yen','JPY','¥',0,'2019-11-09 11:36:44',NULL),(276,'Jersey','Pounds','JEP','£',0,'2019-11-09 11:36:44',NULL),(277,'Latvia','Lati','LVL','Ls',0,'2019-11-09 11:36:44',NULL),(278,'Lebanon','Pounds','LBP','£',0,'2019-11-09 11:36:44',NULL),(279,'Liberia','Dollars','LRD','$',0,'2019-11-09 11:36:44',NULL),(280,'Liechtenstein','Switzerland Francs','CHF','CHF',0,'2019-11-09 11:36:44',NULL),(281,'Brazil','Reais','BRL','R$',0,'2019-11-09 11:37:08',NULL),(282,'Britain (United Kingdom)','Pounds','GBP','£',0,'2019-11-09 11:37:08',NULL),(283,'Brunei Darussalam','Dollars','BND','$',0,'2019-11-09 11:37:08',NULL),(284,'Canada','Dollars','CAD','$',0,'2019-11-09 11:37:08',NULL),(285,'Cayman Islands','Dollars','KYD','$',0,'2019-11-09 11:37:08',NULL),(286,'Chile','Pesos','CLP','$',0,'2019-11-09 11:37:08',NULL),(287,'China','Yuan Renminbi','CNY','¥',0,'2019-11-09 11:37:08',NULL),(288,'Colombia','Pesos','COP','$',0,'2019-11-09 11:37:08',NULL),(289,'Croatia','Kuna','HRK','kn',0,'2019-11-09 11:37:08',NULL),(290,'Cyprus','Euro','EUR','€',0,'2019-11-09 11:37:08',NULL),(291,'Denmark','Kroner','DKK','kr',0,'2019-11-09 11:37:08',NULL),(292,'Dominican Republic','Pesos','DOP ','RD$',0,'2019-11-09 11:37:08',NULL),(293,'East Caribbean','Dollars','XCD','$',0,'2019-11-09 11:37:08',NULL),(294,'Egypt','Pounds','EGP','£',0,'2019-11-09 11:37:08',NULL),(295,'El Salvador','Colones','SVC','$',0,'2019-11-09 11:37:08',NULL),(296,'England (United Kingdom)','Pounds','GBP','£',0,'2019-11-09 11:37:08',NULL),(297,'Euro','Euro','EUR','€',0,'2019-11-09 11:37:08',NULL),(298,'Falkland Islands','Pounds','FKP','£',0,'2019-11-09 11:37:08',NULL),(299,'Fiji','Dollars','FJD','$',0,'2019-11-09 11:37:08',NULL),(300,'France','Euro','EUR','€',0,'2019-11-09 11:37:08',NULL),(301,'Ghana','Cedis','GHC','¢',0,'2019-11-09 11:37:08',NULL),(302,'Gibraltar','Pounds','GIP','£',0,'2019-11-09 11:37:08',NULL),(303,'Greece','Euro','EUR','€',0,'2019-11-09 11:37:08',NULL),(304,'Guatemala','Quetzales','GTQ','Q',0,'2019-11-09 11:37:08',NULL),(305,'Guernsey','Pounds','GGP','£',0,'2019-11-09 11:37:08',NULL),(306,'Guyana','Dollars','GYD','$',0,'2019-11-09 11:37:08',NULL),(307,'Holland (Netherlands)','Euro','EUR','€',0,'2019-11-09 11:37:08',NULL),(308,'Honduras','Lempiras','HNL','L',0,'2019-11-09 11:37:08',NULL),(309,'Hong Kong','Dollars','HKD','$',0,'2019-11-09 11:37:08',NULL),(310,'Hungary','Forint','HUF','Ft',0,'2019-11-09 11:37:08',NULL),(311,'Iceland','Kronur','ISK','kr',0,'2019-11-09 11:37:08',NULL),(312,'India','Rupees','INR','Rp',0,'2019-11-09 11:37:08',NULL),(313,'Indonesia','Rupiahs','IDR','Rp',0,'2019-11-09 11:37:08',NULL),(314,'Ireland','Euro','EUR','€',0,'2019-11-09 11:37:08',NULL),(315,'Isle of Man','Pounds','IMP','£',0,'2019-11-09 11:37:08',NULL),(316,'Italy','Euro','EUR','€',0,'2019-11-09 11:37:08',NULL),(317,'Jamaica','Dollars','JMD','J$',0,'2019-11-09 11:37:08',NULL),(318,'Japan','Yen','JPY','¥',0,'2019-11-09 11:37:08',NULL),(319,'Jersey','Pounds','JEP','£',0,'2019-11-09 11:37:08',NULL),(320,'Latvia','Lati','LVL','Ls',0,'2019-11-09 11:37:08',NULL),(321,'Lebanon','Pounds','LBP','£',0,'2019-11-09 11:37:08',NULL),(322,'Liberia','Dollars','LRD','$',0,'2019-11-09 11:37:08',NULL),(323,'Liechtenstein','Switzerland Francs','CHF','CHF',0,'2019-11-09 11:37:08',NULL),(324,'Lithuania','Litai','LTL','Lt',0,'2019-11-09 11:37:08',NULL),(325,'Brazil','Reais','BRL','R$',0,'2019-11-09 11:37:21',NULL),(326,'Britain (United Kingdom)','Pounds','GBP','£',0,'2019-11-09 11:37:21',NULL),(327,'Brunei Darussalam','Dollars','BND','$',0,'2019-11-09 11:37:21',NULL),(328,'Canada','Dollars','CAD','$',0,'2019-11-09 11:37:21',NULL),(329,'Cayman Islands','Dollars','KYD','$',0,'2019-11-09 11:37:21',NULL),(330,'Chile','Pesos','CLP','$',0,'2019-11-09 11:37:21',NULL),(331,'China','Yuan Renminbi','CNY','¥',0,'2019-11-09 11:37:21',NULL),(332,'Colombia','Pesos','COP','$',0,'2019-11-09 11:37:21',NULL),(333,'Croatia','Kuna','HRK','kn',0,'2019-11-09 11:37:21',NULL),(334,'Cyprus','Euro','EUR','€',0,'2019-11-09 11:37:21',NULL),(335,'Denmark','Kroner','DKK','kr',0,'2019-11-09 11:37:21',NULL),(336,'Dominican Republic','Pesos','DOP ','RD$',0,'2019-11-09 11:37:21',NULL),(337,'East Caribbean','Dollars','XCD','$',0,'2019-11-09 11:37:21',NULL),(338,'Egypt','Pounds','EGP','£',0,'2019-11-09 11:37:21',NULL),(339,'El Salvador','Colones','SVC','$',0,'2019-11-09 11:37:21',NULL),(340,'England (United Kingdom)','Pounds','GBP','£',0,'2019-11-09 11:37:21',NULL),(341,'Euro','Euro','EUR','€',0,'2019-11-09 11:37:21',NULL),(342,'Falkland Islands','Pounds','FKP','£',0,'2019-11-09 11:37:21',NULL),(343,'Fiji','Dollars','FJD','$',0,'2019-11-09 11:37:21',NULL),(344,'France','Euro','EUR','€',0,'2019-11-09 11:37:21',NULL),(345,'Ghana','Cedis','GHC','¢',0,'2019-11-09 11:37:21',NULL),(346,'Gibraltar','Pounds','GIP','£',0,'2019-11-09 11:37:21',NULL),(347,'Greece','Euro','EUR','€',0,'2019-11-09 11:37:21',NULL),(348,'Guatemala','Quetzales','GTQ','Q',0,'2019-11-09 11:37:21',NULL),(349,'Guernsey','Pounds','GGP','£',0,'2019-11-09 11:37:21',NULL),(350,'Guyana','Dollars','GYD','$',0,'2019-11-09 11:37:21',NULL),(351,'Holland (Netherlands)','Euro','EUR','€',0,'2019-11-09 11:37:21',NULL),(352,'Honduras','Lempiras','HNL','L',0,'2019-11-09 11:37:21',NULL),(353,'Hong Kong','Dollars','HKD','$',0,'2019-11-09 11:37:21',NULL),(354,'Hungary','Forint','HUF','Ft',0,'2019-11-09 11:37:21',NULL),(355,'Iceland','Kronur','ISK','kr',0,'2019-11-09 11:37:21',NULL),(356,'India','Rupees','INR','Rp',0,'2019-11-09 11:37:21',NULL),(357,'Indonesia','Rupiahs','IDR','Rp',0,'2019-11-09 11:37:21',NULL),(358,'Ireland','Euro','EUR','€',0,'2019-11-09 11:37:21',NULL),(359,'Isle of Man','Pounds','IMP','£',0,'2019-11-09 11:37:21',NULL),(360,'Italy','Euro','EUR','€',0,'2019-11-09 11:37:21',NULL),(361,'Jamaica','Dollars','JMD','J$',0,'2019-11-09 11:37:21',NULL),(362,'Japan','Yen','JPY','¥',0,'2019-11-09 11:37:21',NULL),(363,'Jersey','Pounds','JEP','£',0,'2019-11-09 11:37:21',NULL),(364,'Latvia','Lati','LVL','Ls',0,'2019-11-09 11:37:21',NULL),(365,'Lebanon','Pounds','LBP','£',0,'2019-11-09 11:37:21',NULL),(366,'Liberia','Dollars','LRD','$',0,'2019-11-09 11:37:21',NULL),(367,'Liechtenstein','Switzerland Francs','CHF','CHF',0,'2019-11-09 11:37:21',NULL),(368,'Lithuania','Litai','LTL','Lt',0,'2019-11-09 11:37:21',NULL),(369,'Luxembourg','Euro','EUR','€',0,'2019-11-09 11:37:21',NULL),(370,'Brazil','Reais','BRL','R$',0,'2019-11-09 11:37:35',NULL),(371,'Britain (United Kingdom)','Pounds','GBP','£',0,'2019-11-09 11:37:35',NULL),(372,'Brunei Darussalam','Dollars','BND','$',0,'2019-11-09 11:37:35',NULL),(373,'Canada','Dollars','CAD','$',0,'2019-11-09 11:37:35',NULL),(374,'Cayman Islands','Dollars','KYD','$',0,'2019-11-09 11:37:35',NULL),(375,'Chile','Pesos','CLP','$',0,'2019-11-09 11:37:35',NULL),(376,'China','Yuan Renminbi','CNY','¥',0,'2019-11-09 11:37:35',NULL),(377,'Colombia','Pesos','COP','$',0,'2019-11-09 11:37:35',NULL),(378,'Croatia','Kuna','HRK','kn',0,'2019-11-09 11:37:35',NULL),(379,'Cyprus','Euro','EUR','€',0,'2019-11-09 11:37:35',NULL),(380,'Denmark','Kroner','DKK','kr',0,'2019-11-09 11:37:35',NULL),(381,'Dominican Republic','Pesos','DOP ','RD$',0,'2019-11-09 11:37:35',NULL),(382,'East Caribbean','Dollars','XCD','$',0,'2019-11-09 11:37:35',NULL),(383,'Egypt','Pounds','EGP','£',0,'2019-11-09 11:37:35',NULL),(384,'El Salvador','Colones','SVC','$',0,'2019-11-09 11:37:35',NULL),(385,'England (United Kingdom)','Pounds','GBP','£',0,'2019-11-09 11:37:35',NULL),(386,'Euro','Euro','EUR','€',0,'2019-11-09 11:37:35',NULL),(387,'Falkland Islands','Pounds','FKP','£',0,'2019-11-09 11:37:35',NULL),(388,'Fiji','Dollars','FJD','$',0,'2019-11-09 11:37:35',NULL),(389,'France','Euro','EUR','€',0,'2019-11-09 11:37:35',NULL),(390,'Ghana','Cedis','GHC','¢',0,'2019-11-09 11:37:35',NULL),(391,'Gibraltar','Pounds','GIP','£',0,'2019-11-09 11:37:35',NULL),(392,'Greece','Euro','EUR','€',0,'2019-11-09 11:37:35',NULL),(393,'Guatemala','Quetzales','GTQ','Q',0,'2019-11-09 11:37:35',NULL),(394,'Guernsey','Pounds','GGP','£',0,'2019-11-09 11:37:35',NULL),(395,'Guyana','Dollars','GYD','$',0,'2019-11-09 11:37:35',NULL),(396,'Holland (Netherlands)','Euro','EUR','€',0,'2019-11-09 11:37:35',NULL),(397,'Honduras','Lempiras','HNL','L',0,'2019-11-09 11:37:35',NULL),(398,'Hong Kong','Dollars','HKD','$',0,'2019-11-09 11:37:35',NULL),(399,'Hungary','Forint','HUF','Ft',0,'2019-11-09 11:37:35',NULL),(400,'Iceland','Kronur','ISK','kr',0,'2019-11-09 11:37:35',NULL),(401,'India','Rupees','INR','Rp',0,'2019-11-09 11:37:35',NULL),(402,'Indonesia','Rupiahs','IDR','Rp',0,'2019-11-09 11:37:35',NULL),(403,'Ireland','Euro','EUR','€',0,'2019-11-09 11:37:35',NULL),(404,'Isle of Man','Pounds','IMP','£',0,'2019-11-09 11:37:35',NULL),(405,'Italy','Euro','EUR','€',0,'2019-11-09 11:37:35',NULL),(406,'Jamaica','Dollars','JMD','J$',0,'2019-11-09 11:37:35',NULL),(407,'Japan','Yen','JPY','¥',0,'2019-11-09 11:37:35',NULL),(408,'Jersey','Pounds','JEP','£',0,'2019-11-09 11:37:35',NULL),(409,'Latvia','Lati','LVL','Ls',0,'2019-11-09 11:37:35',NULL),(410,'Lebanon','Pounds','LBP','£',0,'2019-11-09 11:37:35',NULL),(411,'Liberia','Dollars','LRD','$',0,'2019-11-09 11:37:35',NULL),(412,'Liechtenstein','Switzerland Francs','CHF','CHF',0,'2019-11-09 11:37:35',NULL),(413,'Lithuania','Litai','LTL','Lt',0,'2019-11-09 11:37:35',NULL),(414,'Luxembourg','Euro','EUR','€',0,'2019-11-09 11:37:35',NULL),(415,'Brazil','Reais','BRL','R$',0,'2019-11-09 11:37:46',NULL),(416,'Britain (United Kingdom)','Pounds','GBP','£',0,'2019-11-09 11:37:46',NULL),(417,'Brunei Darussalam','Dollars','BND','$',0,'2019-11-09 11:37:46',NULL),(418,'Canada','Dollars','CAD','$',0,'2019-11-09 11:37:46',NULL),(419,'Cayman Islands','Dollars','KYD','$',0,'2019-11-09 11:37:46',NULL),(420,'Chile','Pesos','CLP','$',0,'2019-11-09 11:37:46',NULL),(421,'China','Yuan Renminbi','CNY','¥',0,'2019-11-09 11:37:46',NULL),(422,'Colombia','Pesos','COP','$',0,'2019-11-09 11:37:46',NULL),(423,'Croatia','Kuna','HRK','kn',0,'2019-11-09 11:37:46',NULL),(424,'Cyprus','Euro','EUR','€',0,'2019-11-09 11:37:46',NULL),(425,'Denmark','Kroner','DKK','kr',0,'2019-11-09 11:37:46',NULL),(426,'Dominican Republic','Pesos','DOP ','RD$',0,'2019-11-09 11:37:46',NULL),(427,'East Caribbean','Dollars','XCD','$',0,'2019-11-09 11:37:46',NULL),(428,'Egypt','Pounds','EGP','£',0,'2019-11-09 11:37:46',NULL),(429,'El Salvador','Colones','SVC','$',0,'2019-11-09 11:37:46',NULL),(430,'England (United Kingdom)','Pounds','GBP','£',0,'2019-11-09 11:37:46',NULL),(431,'Euro','Euro','EUR','€',0,'2019-11-09 11:37:46',NULL),(432,'Falkland Islands','Pounds','FKP','£',0,'2019-11-09 11:37:46',NULL),(433,'Fiji','Dollars','FJD','$',0,'2019-11-09 11:37:46',NULL),(434,'France','Euro','EUR','€',0,'2019-11-09 11:37:46',NULL),(435,'Ghana','Cedis','GHC','¢',0,'2019-11-09 11:37:46',NULL),(436,'Gibraltar','Pounds','GIP','£',0,'2019-11-09 11:37:46',NULL),(437,'Greece','Euro','EUR','€',0,'2019-11-09 11:37:46',NULL),(438,'Guatemala','Quetzales','GTQ','Q',0,'2019-11-09 11:37:46',NULL),(439,'Guernsey','Pounds','GGP','£',0,'2019-11-09 11:37:46',NULL),(440,'Guyana','Dollars','GYD','$',0,'2019-11-09 11:37:46',NULL),(441,'Holland (Netherlands)','Euro','EUR','€',0,'2019-11-09 11:37:46',NULL),(442,'Honduras','Lempiras','HNL','L',0,'2019-11-09 11:37:46',NULL),(443,'Hong Kong','Dollars','HKD','$',0,'2019-11-09 11:37:46',NULL),(444,'Hungary','Forint','HUF','Ft',0,'2019-11-09 11:37:46',NULL),(445,'Iceland','Kronur','ISK','kr',0,'2019-11-09 11:37:46',NULL),(446,'India','Rupees','INR','Rp',0,'2019-11-09 11:37:46',NULL),(447,'Indonesia','Rupiahs','IDR','Rp',0,'2019-11-09 11:37:46',NULL),(448,'Ireland','Euro','EUR','€',0,'2019-11-09 11:37:46',NULL),(449,'Isle of Man','Pounds','IMP','£',0,'2019-11-09 11:37:46',NULL),(450,'Italy','Euro','EUR','€',0,'2019-11-09 11:37:46',NULL),(451,'Jamaica','Dollars','JMD','J$',0,'2019-11-09 11:37:46',NULL),(452,'Japan','Yen','JPY','¥',0,'2019-11-09 11:37:46',NULL),(453,'Jersey','Pounds','JEP','£',0,'2019-11-09 11:37:46',NULL),(454,'Latvia','Lati','LVL','Ls',0,'2019-11-09 11:37:46',NULL),(455,'Lebanon','Pounds','LBP','£',0,'2019-11-09 11:37:46',NULL),(456,'Liberia','Dollars','LRD','$',0,'2019-11-09 11:37:46',NULL),(457,'Liechtenstein','Switzerland Francs','CHF','CHF',0,'2019-11-09 11:37:46',NULL),(458,'Lithuania','Litai','LTL','Lt',0,'2019-11-09 11:37:46',NULL),(459,'Luxembourg','Euro','EUR','€',0,'2019-11-09 11:37:46',NULL),(460,'Malaysia','Ringgits','MYR','RM',0,'2019-11-09 11:37:46',NULL),(461,'Brazil','Reais','BRL','R$',0,'2019-11-09 11:37:53',NULL),(462,'Britain (United Kingdom)','Pounds','GBP','£',0,'2019-11-09 11:37:53',NULL),(463,'Brunei Darussalam','Dollars','BND','$',0,'2019-11-09 11:37:53',NULL),(464,'Canada','Dollars','CAD','$',0,'2019-11-09 11:37:53',NULL),(465,'Cayman Islands','Dollars','KYD','$',0,'2019-11-09 11:37:53',NULL),(466,'Chile','Pesos','CLP','$',0,'2019-11-09 11:37:53',NULL),(467,'China','Yuan Renminbi','CNY','¥',0,'2019-11-09 11:37:53',NULL),(468,'Colombia','Pesos','COP','$',0,'2019-11-09 11:37:53',NULL),(469,'Croatia','Kuna','HRK','kn',0,'2019-11-09 11:37:53',NULL),(470,'Cyprus','Euro','EUR','€',0,'2019-11-09 11:37:53',NULL),(471,'Denmark','Kroner','DKK','kr',0,'2019-11-09 11:37:53',NULL),(472,'Dominican Republic','Pesos','DOP ','RD$',0,'2019-11-09 11:37:53',NULL),(473,'East Caribbean','Dollars','XCD','$',0,'2019-11-09 11:37:53',NULL),(474,'Egypt','Pounds','EGP','£',0,'2019-11-09 11:37:53',NULL),(475,'El Salvador','Colones','SVC','$',0,'2019-11-09 11:37:53',NULL),(476,'England (United Kingdom)','Pounds','GBP','£',0,'2019-11-09 11:37:53',NULL),(477,'Euro','Euro','EUR','€',0,'2019-11-09 11:37:53',NULL),(478,'Falkland Islands','Pounds','FKP','£',0,'2019-11-09 11:37:53',NULL),(479,'Fiji','Dollars','FJD','$',0,'2019-11-09 11:37:53',NULL),(480,'France','Euro','EUR','€',0,'2019-11-09 11:37:53',NULL),(481,'Ghana','Cedis','GHC','¢',0,'2019-11-09 11:37:53',NULL),(482,'Gibraltar','Pounds','GIP','£',0,'2019-11-09 11:37:53',NULL),(483,'Greece','Euro','EUR','€',0,'2019-11-09 11:37:53',NULL),(484,'Guatemala','Quetzales','GTQ','Q',0,'2019-11-09 11:37:53',NULL),(485,'Guernsey','Pounds','GGP','£',0,'2019-11-09 11:37:53',NULL),(486,'Guyana','Dollars','GYD','$',0,'2019-11-09 11:37:53',NULL),(487,'Holland (Netherlands)','Euro','EUR','€',0,'2019-11-09 11:37:53',NULL),(488,'Honduras','Lempiras','HNL','L',0,'2019-11-09 11:37:53',NULL),(489,'Hong Kong','Dollars','HKD','$',0,'2019-11-09 11:37:53',NULL),(490,'Hungary','Forint','HUF','Ft',0,'2019-11-09 11:37:53',NULL),(491,'Iceland','Kronur','ISK','kr',0,'2019-11-09 11:37:53',NULL),(492,'India','Rupees','INR','Rp',0,'2019-11-09 11:37:53',NULL),(493,'Indonesia','Rupiahs','IDR','Rp',0,'2019-11-09 11:37:53',NULL),(494,'Ireland','Euro','EUR','€',0,'2019-11-09 11:37:53',NULL),(495,'Isle of Man','Pounds','IMP','£',0,'2019-11-09 11:37:53',NULL),(496,'Italy','Euro','EUR','€',0,'2019-11-09 11:37:53',NULL),(497,'Jamaica','Dollars','JMD','J$',0,'2019-11-09 11:37:53',NULL),(498,'Japan','Yen','JPY','¥',0,'2019-11-09 11:37:53',NULL),(499,'Jersey','Pounds','JEP','£',0,'2019-11-09 11:37:53',NULL),(500,'Latvia','Lati','LVL','Ls',0,'2019-11-09 11:37:53',NULL),(501,'Lebanon','Pounds','LBP','£',0,'2019-11-09 11:37:53',NULL),(502,'Liberia','Dollars','LRD','$',0,'2019-11-09 11:37:53',NULL),(503,'Liechtenstein','Switzerland Francs','CHF','CHF',0,'2019-11-09 11:37:53',NULL),(504,'Lithuania','Litai','LTL','Lt',0,'2019-11-09 11:37:53',NULL),(505,'Luxembourg','Euro','EUR','€',0,'2019-11-09 11:37:53',NULL),(506,'Malaysia','Ringgits','MYR','RM',0,'2019-11-09 11:37:53',NULL),(507,'Malta','Euro','EUR','€',0,'2019-11-09 11:37:53',NULL),(508,'Mexico','Pesos','MXN','$',0,'2019-11-09 11:37:53',NULL),(509,'Brazil','Reais','BRL','R$',0,'2019-11-09 11:37:59',NULL),(510,'Britain (United Kingdom)','Pounds','GBP','£',0,'2019-11-09 11:37:59',NULL),(511,'Brunei Darussalam','Dollars','BND','$',0,'2019-11-09 11:37:59',NULL),(512,'Canada','Dollars','CAD','$',0,'2019-11-09 11:37:59',NULL),(513,'Cayman Islands','Dollars','KYD','$',0,'2019-11-09 11:37:59',NULL),(514,'Chile','Pesos','CLP','$',0,'2019-11-09 11:37:59',NULL),(515,'China','Yuan Renminbi','CNY','¥',0,'2019-11-09 11:37:59',NULL),(516,'Colombia','Pesos','COP','$',0,'2019-11-09 11:37:59',NULL),(517,'Croatia','Kuna','HRK','kn',0,'2019-11-09 11:37:59',NULL),(518,'Cyprus','Euro','EUR','€',0,'2019-11-09 11:37:59',NULL),(519,'Denmark','Kroner','DKK','kr',0,'2019-11-09 11:37:59',NULL),(520,'Dominican Republic','Pesos','DOP ','RD$',0,'2019-11-09 11:37:59',NULL),(521,'East Caribbean','Dollars','XCD','$',0,'2019-11-09 11:37:59',NULL),(522,'Egypt','Pounds','EGP','£',0,'2019-11-09 11:37:59',NULL),(523,'El Salvador','Colones','SVC','$',0,'2019-11-09 11:37:59',NULL),(524,'England (United Kingdom)','Pounds','GBP','£',0,'2019-11-09 11:37:59',NULL),(525,'Euro','Euro','EUR','€',0,'2019-11-09 11:37:59',NULL),(526,'Falkland Islands','Pounds','FKP','£',0,'2019-11-09 11:37:59',NULL),(527,'Fiji','Dollars','FJD','$',0,'2019-11-09 11:37:59',NULL),(528,'France','Euro','EUR','€',0,'2019-11-09 11:37:59',NULL),(529,'Ghana','Cedis','GHC','¢',0,'2019-11-09 11:37:59',NULL),(530,'Gibraltar','Pounds','GIP','£',0,'2019-11-09 11:37:59',NULL),(531,'Greece','Euro','EUR','€',0,'2019-11-09 11:37:59',NULL),(532,'Guatemala','Quetzales','GTQ','Q',0,'2019-11-09 11:37:59',NULL),(533,'Guernsey','Pounds','GGP','£',0,'2019-11-09 11:37:59',NULL),(534,'Guyana','Dollars','GYD','$',0,'2019-11-09 11:37:59',NULL),(535,'Holland (Netherlands)','Euro','EUR','€',0,'2019-11-09 11:37:59',NULL),(536,'Honduras','Lempiras','HNL','L',0,'2019-11-09 11:37:59',NULL),(537,'Hong Kong','Dollars','HKD','$',0,'2019-11-09 11:37:59',NULL),(538,'Hungary','Forint','HUF','Ft',0,'2019-11-09 11:37:59',NULL),(539,'Iceland','Kronur','ISK','kr',0,'2019-11-09 11:37:59',NULL),(540,'India','Rupees','INR','Rp',0,'2019-11-09 11:37:59',NULL),(541,'Indonesia','Rupiahs','IDR','Rp',0,'2019-11-09 11:37:59',NULL),(542,'Ireland','Euro','EUR','€',0,'2019-11-09 11:37:59',NULL),(543,'Isle of Man','Pounds','IMP','£',0,'2019-11-09 11:37:59',NULL),(544,'Italy','Euro','EUR','€',0,'2019-11-09 11:37:59',NULL),(545,'Jamaica','Dollars','JMD','J$',0,'2019-11-09 11:37:59',NULL),(546,'Japan','Yen','JPY','¥',0,'2019-11-09 11:37:59',NULL),(547,'Jersey','Pounds','JEP','£',0,'2019-11-09 11:37:59',NULL),(548,'Latvia','Lati','LVL','Ls',0,'2019-11-09 11:37:59',NULL),(549,'Lebanon','Pounds','LBP','£',0,'2019-11-09 11:37:59',NULL),(550,'Liberia','Dollars','LRD','$',0,'2019-11-09 11:37:59',NULL),(551,'Liechtenstein','Switzerland Francs','CHF','CHF',0,'2019-11-09 11:37:59',NULL),(552,'Lithuania','Litai','LTL','Lt',0,'2019-11-09 11:37:59',NULL),(553,'Luxembourg','Euro','EUR','€',0,'2019-11-09 11:37:59',NULL),(554,'Malaysia','Ringgits','MYR','RM',0,'2019-11-09 11:37:59',NULL),(555,'Malta','Euro','EUR','€',0,'2019-11-09 11:37:59',NULL),(556,'Mexico','Pesos','MXN','$',0,'2019-11-09 11:37:59',NULL),(557,'Brazil','Reais','BRL','R$',0,'2019-11-09 11:38:16',NULL),(558,'Britain (United Kingdom)','Pounds','GBP','£',0,'2019-11-09 11:38:16',NULL),(559,'Brunei Darussalam','Dollars','BND','$',0,'2019-11-09 11:38:16',NULL),(560,'Canada','Dollars','CAD','$',0,'2019-11-09 11:38:16',NULL),(561,'Cayman Islands','Dollars','KYD','$',0,'2019-11-09 11:38:16',NULL),(562,'Chile','Pesos','CLP','$',0,'2019-11-09 11:38:16',NULL),(563,'China','Yuan Renminbi','CNY','¥',0,'2019-11-09 11:38:16',NULL),(564,'Colombia','Pesos','COP','$',0,'2019-11-09 11:38:16',NULL),(565,'Croatia','Kuna','HRK','kn',0,'2019-11-09 11:38:16',NULL),(566,'Cyprus','Euro','EUR','€',0,'2019-11-09 11:38:16',NULL),(567,'Denmark','Kroner','DKK','kr',0,'2019-11-09 11:38:16',NULL),(568,'Dominican Republic','Pesos','DOP ','RD$',0,'2019-11-09 11:38:16',NULL),(569,'East Caribbean','Dollars','XCD','$',0,'2019-11-09 11:38:16',NULL),(570,'Egypt','Pounds','EGP','£',0,'2019-11-09 11:38:16',NULL),(571,'El Salvador','Colones','SVC','$',0,'2019-11-09 11:38:16',NULL),(572,'England (United Kingdom)','Pounds','GBP','£',0,'2019-11-09 11:38:16',NULL),(573,'Euro','Euro','EUR','€',0,'2019-11-09 11:38:16',NULL),(574,'Falkland Islands','Pounds','FKP','£',0,'2019-11-09 11:38:16',NULL),(575,'Fiji','Dollars','FJD','$',0,'2019-11-09 11:38:16',NULL),(576,'France','Euro','EUR','€',0,'2019-11-09 11:38:16',NULL),(577,'Ghana','Cedis','GHC','¢',0,'2019-11-09 11:38:16',NULL),(578,'Gibraltar','Pounds','GIP','£',0,'2019-11-09 11:38:16',NULL),(579,'Greece','Euro','EUR','€',0,'2019-11-09 11:38:16',NULL),(580,'Guatemala','Quetzales','GTQ','Q',0,'2019-11-09 11:38:16',NULL),(581,'Guernsey','Pounds','GGP','£',0,'2019-11-09 11:38:16',NULL),(582,'Guyana','Dollars','GYD','$',0,'2019-11-09 11:38:16',NULL),(583,'Holland (Netherlands)','Euro','EUR','€',0,'2019-11-09 11:38:16',NULL),(584,'Honduras','Lempiras','HNL','L',0,'2019-11-09 11:38:16',NULL),(585,'Hong Kong','Dollars','HKD','$',0,'2019-11-09 11:38:16',NULL),(586,'Hungary','Forint','HUF','Ft',0,'2019-11-09 11:38:17',NULL),(587,'Iceland','Kronur','ISK','kr',0,'2019-11-09 11:38:17',NULL),(588,'India','Rupees','INR','Rp',0,'2019-11-09 11:38:17',NULL),(589,'Indonesia','Rupiahs','IDR','Rp',0,'2019-11-09 11:38:17',NULL),(590,'Ireland','Euro','EUR','€',0,'2019-11-09 11:38:17',NULL),(591,'Isle of Man','Pounds','IMP','£',0,'2019-11-09 11:38:17',NULL),(592,'Italy','Euro','EUR','€',0,'2019-11-09 11:38:17',NULL),(593,'Jamaica','Dollars','JMD','J$',0,'2019-11-09 11:38:17',NULL),(594,'Japan','Yen','JPY','¥',0,'2019-11-09 11:38:17',NULL),(595,'Jersey','Pounds','JEP','£',0,'2019-11-09 11:38:17',NULL),(596,'Latvia','Lati','LVL','Ls',0,'2019-11-09 11:38:17',NULL),(597,'Lebanon','Pounds','LBP','£',0,'2019-11-09 11:38:17',NULL),(598,'Liberia','Dollars','LRD','$',0,'2019-11-09 11:38:17',NULL),(599,'Liechtenstein','Switzerland Francs','CHF','CHF',0,'2019-11-09 11:38:17',NULL),(600,'Lithuania','Litai','LTL','Lt',0,'2019-11-09 11:38:17',NULL),(601,'Luxembourg','Euro','EUR','€',0,'2019-11-09 11:38:17',NULL),(602,'Malaysia','Ringgits','MYR','RM',0,'2019-11-09 11:38:17',NULL),(603,'Malta','Euro','EUR','€',0,'2019-11-09 11:38:17',NULL),(604,'Mexico','Pesos','MXN','$',0,'2019-11-09 11:38:17',NULL),(605,'Mozambique','Meticais','MZN','MT',0,'2019-11-09 11:38:17',NULL),(606,'Brazil','Reais','BRL','R$',0,'2019-11-09 11:38:28',NULL),(607,'Britain (United Kingdom)','Pounds','GBP','£',0,'2019-11-09 11:38:28',NULL),(608,'Brunei Darussalam','Dollars','BND','$',0,'2019-11-09 11:38:28',NULL),(609,'Canada','Dollars','CAD','$',0,'2019-11-09 11:38:28',NULL),(610,'Cayman Islands','Dollars','KYD','$',0,'2019-11-09 11:38:28',NULL),(611,'Chile','Pesos','CLP','$',0,'2019-11-09 11:38:28',NULL),(612,'China','Yuan Renminbi','CNY','¥',0,'2019-11-09 11:38:28',NULL),(613,'Colombia','Pesos','COP','$',0,'2019-11-09 11:38:28',NULL),(614,'Croatia','Kuna','HRK','kn',0,'2019-11-09 11:38:28',NULL),(615,'Cyprus','Euro','EUR','€',0,'2019-11-09 11:38:28',NULL),(616,'Denmark','Kroner','DKK','kr',0,'2019-11-09 11:38:28',NULL),(617,'Dominican Republic','Pesos','DOP ','RD$',0,'2019-11-09 11:38:28',NULL),(618,'East Caribbean','Dollars','XCD','$',0,'2019-11-09 11:38:28',NULL),(619,'Egypt','Pounds','EGP','£',0,'2019-11-09 11:38:28',NULL),(620,'El Salvador','Colones','SVC','$',0,'2019-11-09 11:38:28',NULL),(621,'England (United Kingdom)','Pounds','GBP','£',0,'2019-11-09 11:38:28',NULL),(622,'Euro','Euro','EUR','€',0,'2019-11-09 11:38:28',NULL),(623,'Falkland Islands','Pounds','FKP','£',0,'2019-11-09 11:38:28',NULL),(624,'Fiji','Dollars','FJD','$',0,'2019-11-09 11:38:28',NULL),(625,'France','Euro','EUR','€',0,'2019-11-09 11:38:28',NULL),(626,'Ghana','Cedis','GHC','¢',0,'2019-11-09 11:38:28',NULL),(627,'Gibraltar','Pounds','GIP','£',0,'2019-11-09 11:38:28',NULL),(628,'Greece','Euro','EUR','€',0,'2019-11-09 11:38:28',NULL),(629,'Guatemala','Quetzales','GTQ','Q',0,'2019-11-09 11:38:28',NULL),(630,'Guernsey','Pounds','GGP','£',0,'2019-11-09 11:38:28',NULL),(631,'Guyana','Dollars','GYD','$',0,'2019-11-09 11:38:28',NULL),(632,'Holland (Netherlands)','Euro','EUR','€',0,'2019-11-09 11:38:28',NULL),(633,'Honduras','Lempiras','HNL','L',0,'2019-11-09 11:38:28',NULL),(634,'Hong Kong','Dollars','HKD','$',0,'2019-11-09 11:38:28',NULL),(635,'Hungary','Forint','HUF','Ft',0,'2019-11-09 11:38:28',NULL),(636,'Iceland','Kronur','ISK','kr',0,'2019-11-09 11:38:28',NULL),(637,'India','Rupees','INR','Rp',0,'2019-11-09 11:38:28',NULL),(638,'Indonesia','Rupiahs','IDR','Rp',0,'2019-11-09 11:38:28',NULL),(639,'Ireland','Euro','EUR','€',0,'2019-11-09 11:38:28',NULL),(640,'Isle of Man','Pounds','IMP','£',0,'2019-11-09 11:38:28',NULL),(641,'Italy','Euro','EUR','€',0,'2019-11-09 11:38:28',NULL),(642,'Jamaica','Dollars','JMD','J$',0,'2019-11-09 11:38:28',NULL),(643,'Japan','Yen','JPY','¥',0,'2019-11-09 11:38:28',NULL),(644,'Jersey','Pounds','JEP','£',0,'2019-11-09 11:38:28',NULL),(645,'Latvia','Lati','LVL','Ls',0,'2019-11-09 11:38:28',NULL),(646,'Lebanon','Pounds','LBP','£',0,'2019-11-09 11:38:28',NULL),(647,'Liberia','Dollars','LRD','$',0,'2019-11-09 11:38:28',NULL),(648,'Liechtenstein','Switzerland Francs','CHF','CHF',0,'2019-11-09 11:38:28',NULL),(649,'Lithuania','Litai','LTL','Lt',0,'2019-11-09 11:38:28',NULL),(650,'Luxembourg','Euro','EUR','€',0,'2019-11-09 11:38:28',NULL),(651,'Malaysia','Ringgits','MYR','RM',0,'2019-11-09 11:38:28',NULL),(652,'Malta','Euro','EUR','€',0,'2019-11-09 11:38:28',NULL),(653,'Mexico','Pesos','MXN','$',0,'2019-11-09 11:38:28',NULL),(654,'Mozambique','Meticais','MZN','MT',0,'2019-11-09 11:38:28',NULL),(655,'Namibia','Dollars','NAD','$',0,'2019-11-09 11:38:28',NULL),(656,'Brazil','Reais','BRL','R$',0,'2019-11-09 11:38:36',NULL),(657,'Britain (United Kingdom)','Pounds','GBP','£',0,'2019-11-09 11:38:36',NULL),(658,'Brunei Darussalam','Dollars','BND','$',0,'2019-11-09 11:38:36',NULL),(659,'Canada','Dollars','CAD','$',0,'2019-11-09 11:38:36',NULL),(660,'Cayman Islands','Dollars','KYD','$',0,'2019-11-09 11:38:36',NULL),(661,'Chile','Pesos','CLP','$',0,'2019-11-09 11:38:36',NULL),(662,'China','Yuan Renminbi','CNY','¥',0,'2019-11-09 11:38:36',NULL),(663,'Colombia','Pesos','COP','$',0,'2019-11-09 11:38:36',NULL),(664,'Croatia','Kuna','HRK','kn',0,'2019-11-09 11:38:36',NULL),(665,'Cyprus','Euro','EUR','€',0,'2019-11-09 11:38:36',NULL),(666,'Denmark','Kroner','DKK','kr',0,'2019-11-09 11:38:36',NULL),(667,'Dominican Republic','Pesos','DOP ','RD$',0,'2019-11-09 11:38:36',NULL),(668,'East Caribbean','Dollars','XCD','$',0,'2019-11-09 11:38:36',NULL),(669,'Egypt','Pounds','EGP','£',0,'2019-11-09 11:38:36',NULL),(670,'El Salvador','Colones','SVC','$',0,'2019-11-09 11:38:36',NULL),(671,'England (United Kingdom)','Pounds','GBP','£',0,'2019-11-09 11:38:36',NULL),(672,'Euro','Euro','EUR','€',0,'2019-11-09 11:38:36',NULL),(673,'Falkland Islands','Pounds','FKP','£',0,'2019-11-09 11:38:36',NULL),(674,'Fiji','Dollars','FJD','$',0,'2019-11-09 11:38:36',NULL),(675,'France','Euro','EUR','€',0,'2019-11-09 11:38:36',NULL),(676,'Ghana','Cedis','GHC','¢',0,'2019-11-09 11:38:36',NULL),(677,'Gibraltar','Pounds','GIP','£',0,'2019-11-09 11:38:36',NULL),(678,'Greece','Euro','EUR','€',0,'2019-11-09 11:38:36',NULL),(679,'Guatemala','Quetzales','GTQ','Q',0,'2019-11-09 11:38:36',NULL),(680,'Guernsey','Pounds','GGP','£',0,'2019-11-09 11:38:36',NULL),(681,'Guyana','Dollars','GYD','$',0,'2019-11-09 11:38:36',NULL),(682,'Holland (Netherlands)','Euro','EUR','€',0,'2019-11-09 11:38:36',NULL),(683,'Honduras','Lempiras','HNL','L',0,'2019-11-09 11:38:36',NULL),(684,'Hong Kong','Dollars','HKD','$',0,'2019-11-09 11:38:36',NULL),(685,'Hungary','Forint','HUF','Ft',0,'2019-11-09 11:38:36',NULL),(686,'Iceland','Kronur','ISK','kr',0,'2019-11-09 11:38:36',NULL),(687,'India','Rupees','INR','Rp',0,'2019-11-09 11:38:36',NULL),(688,'Indonesia','Rupiahs','IDR','Rp',0,'2019-11-09 11:38:36',NULL),(689,'Ireland','Euro','EUR','€',0,'2019-11-09 11:38:36',NULL),(690,'Isle of Man','Pounds','IMP','£',0,'2019-11-09 11:38:36',NULL),(691,'Italy','Euro','EUR','€',0,'2019-11-09 11:38:36',NULL),(692,'Jamaica','Dollars','JMD','J$',0,'2019-11-09 11:38:36',NULL),(693,'Japan','Yen','JPY','¥',0,'2019-11-09 11:38:36',NULL),(694,'Jersey','Pounds','JEP','£',0,'2019-11-09 11:38:36',NULL),(695,'Latvia','Lati','LVL','Ls',0,'2019-11-09 11:38:36',NULL),(696,'Lebanon','Pounds','LBP','£',0,'2019-11-09 11:38:36',NULL),(697,'Liberia','Dollars','LRD','$',0,'2019-11-09 11:38:36',NULL),(698,'Liechtenstein','Switzerland Francs','CHF','CHF',0,'2019-11-09 11:38:36',NULL),(699,'Lithuania','Litai','LTL','Lt',0,'2019-11-09 11:38:36',NULL),(700,'Luxembourg','Euro','EUR','€',0,'2019-11-09 11:38:36',NULL),(701,'Malaysia','Ringgits','MYR','RM',0,'2019-11-09 11:38:36',NULL),(702,'Malta','Euro','EUR','€',0,'2019-11-09 11:38:36',NULL),(703,'Mexico','Pesos','MXN','$',0,'2019-11-09 11:38:36',NULL),(704,'Mozambique','Meticais','MZN','MT',0,'2019-11-09 11:38:36',NULL),(705,'Namibia','Dollars','NAD','$',0,'2019-11-09 11:38:36',NULL),(706,'Netherlands Antilles','Guilders','ANG','ƒ',0,'2019-11-09 11:38:36',NULL),(707,'Brazil','Reais','BRL','R$',0,'2019-11-09 11:38:43',NULL),(708,'Britain (United Kingdom)','Pounds','GBP','£',0,'2019-11-09 11:38:43',NULL),(709,'Brunei Darussalam','Dollars','BND','$',0,'2019-11-09 11:38:43',NULL),(710,'Canada','Dollars','CAD','$',0,'2019-11-09 11:38:43',NULL),(711,'Cayman Islands','Dollars','KYD','$',0,'2019-11-09 11:38:43',NULL),(712,'Chile','Pesos','CLP','$',0,'2019-11-09 11:38:43',NULL),(713,'China','Yuan Renminbi','CNY','¥',0,'2019-11-09 11:38:43',NULL),(714,'Colombia','Pesos','COP','$',0,'2019-11-09 11:38:43',NULL),(715,'Croatia','Kuna','HRK','kn',0,'2019-11-09 11:38:43',NULL),(716,'Cyprus','Euro','EUR','€',0,'2019-11-09 11:38:43',NULL),(717,'Denmark','Kroner','DKK','kr',0,'2019-11-09 11:38:43',NULL),(718,'Dominican Republic','Pesos','DOP ','RD$',0,'2019-11-09 11:38:43',NULL),(719,'East Caribbean','Dollars','XCD','$',0,'2019-11-09 11:38:43',NULL),(720,'Egypt','Pounds','EGP','£',0,'2019-11-09 11:38:43',NULL),(721,'El Salvador','Colones','SVC','$',0,'2019-11-09 11:38:43',NULL),(722,'England (United Kingdom)','Pounds','GBP','£',0,'2019-11-09 11:38:43',NULL),(723,'Euro','Euro','EUR','€',0,'2019-11-09 11:38:43',NULL),(724,'Falkland Islands','Pounds','FKP','£',0,'2019-11-09 11:38:43',NULL),(725,'Fiji','Dollars','FJD','$',0,'2019-11-09 11:38:43',NULL),(726,'France','Euro','EUR','€',0,'2019-11-09 11:38:43',NULL),(727,'Ghana','Cedis','GHC','¢',0,'2019-11-09 11:38:43',NULL),(728,'Gibraltar','Pounds','GIP','£',0,'2019-11-09 11:38:43',NULL),(729,'Greece','Euro','EUR','€',0,'2019-11-09 11:38:43',NULL),(730,'Guatemala','Quetzales','GTQ','Q',0,'2019-11-09 11:38:43',NULL),(731,'Guernsey','Pounds','GGP','£',0,'2019-11-09 11:38:43',NULL),(732,'Guyana','Dollars','GYD','$',0,'2019-11-09 11:38:43',NULL),(733,'Holland (Netherlands)','Euro','EUR','€',0,'2019-11-09 11:38:43',NULL),(734,'Honduras','Lempiras','HNL','L',0,'2019-11-09 11:38:43',NULL),(735,'Hong Kong','Dollars','HKD','$',0,'2019-11-09 11:38:43',NULL),(736,'Hungary','Forint','HUF','Ft',0,'2019-11-09 11:38:43',NULL),(737,'Iceland','Kronur','ISK','kr',0,'2019-11-09 11:38:43',NULL),(738,'India','Rupees','INR','Rp',0,'2019-11-09 11:38:43',NULL),(739,'Indonesia','Rupiahs','IDR','Rp',0,'2019-11-09 11:38:43',NULL),(740,'Ireland','Euro','EUR','€',0,'2019-11-09 11:38:43',NULL),(741,'Isle of Man','Pounds','IMP','£',0,'2019-11-09 11:38:43',NULL),(742,'Italy','Euro','EUR','€',0,'2019-11-09 11:38:43',NULL),(743,'Jamaica','Dollars','JMD','J$',0,'2019-11-09 11:38:43',NULL),(744,'Japan','Yen','JPY','¥',0,'2019-11-09 11:38:43',NULL),(745,'Jersey','Pounds','JEP','£',0,'2019-11-09 11:38:43',NULL),(746,'Latvia','Lati','LVL','Ls',0,'2019-11-09 11:38:43',NULL),(747,'Lebanon','Pounds','LBP','£',0,'2019-11-09 11:38:43',NULL),(748,'Liberia','Dollars','LRD','$',0,'2019-11-09 11:38:43',NULL),(749,'Liechtenstein','Switzerland Francs','CHF','CHF',0,'2019-11-09 11:38:43',NULL),(750,'Lithuania','Litai','LTL','Lt',0,'2019-11-09 11:38:43',NULL),(751,'Luxembourg','Euro','EUR','€',0,'2019-11-09 11:38:43',NULL),(752,'Malaysia','Ringgits','MYR','RM',0,'2019-11-09 11:38:43',NULL),(753,'Malta','Euro','EUR','€',0,'2019-11-09 11:38:43',NULL),(754,'Mexico','Pesos','MXN','$',0,'2019-11-09 11:38:43',NULL),(755,'Mozambique','Meticais','MZN','MT',0,'2019-11-09 11:38:43',NULL),(756,'Namibia','Dollars','NAD','$',0,'2019-11-09 11:38:43',NULL),(757,'Netherlands Antilles','Guilders','ANG','ƒ',0,'2019-11-09 11:38:43',NULL),(758,'Netherlands','Euro','EUR','€',0,'2019-11-09 11:38:43',NULL),(759,'New Zealand','Dollars','NZD','$',0,'2019-11-09 11:38:43',NULL),(760,'Nicaragua','Cordobas','NIO','C$',0,'2019-11-09 11:38:43',NULL),(761,'Brazil','Reais','BRL','R$',0,'2019-11-09 11:39:01',NULL),(762,'Britain (United Kingdom)','Pounds','GBP','£',0,'2019-11-09 11:39:01',NULL),(763,'Brunei Darussalam','Dollars','BND','$',0,'2019-11-09 11:39:01',NULL),(764,'Canada','Dollars','CAD','$',0,'2019-11-09 11:39:01',NULL),(765,'Cayman Islands','Dollars','KYD','$',0,'2019-11-09 11:39:01',NULL),(766,'Chile','Pesos','CLP','$',0,'2019-11-09 11:39:01',NULL),(767,'China','Yuan Renminbi','CNY','¥',0,'2019-11-09 11:39:01',NULL),(768,'Colombia','Pesos','COP','$',0,'2019-11-09 11:39:01',NULL),(769,'Croatia','Kuna','HRK','kn',0,'2019-11-09 11:39:01',NULL),(770,'Cyprus','Euro','EUR','€',0,'2019-11-09 11:39:01',NULL),(771,'Denmark','Kroner','DKK','kr',0,'2019-11-09 11:39:01',NULL),(772,'Dominican Republic','Pesos','DOP ','RD$',0,'2019-11-09 11:39:01',NULL),(773,'East Caribbean','Dollars','XCD','$',0,'2019-11-09 11:39:01',NULL),(774,'Egypt','Pounds','EGP','£',0,'2019-11-09 11:39:01',NULL),(775,'El Salvador','Colones','SVC','$',0,'2019-11-09 11:39:01',NULL),(776,'England (United Kingdom)','Pounds','GBP','£',0,'2019-11-09 11:39:01',NULL),(777,'Euro','Euro','EUR','€',0,'2019-11-09 11:39:01',NULL),(778,'Falkland Islands','Pounds','FKP','£',0,'2019-11-09 11:39:01',NULL),(779,'Fiji','Dollars','FJD','$',0,'2019-11-09 11:39:01',NULL),(780,'France','Euro','EUR','€',0,'2019-11-09 11:39:01',NULL),(781,'Ghana','Cedis','GHC','¢',0,'2019-11-09 11:39:01',NULL),(782,'Gibraltar','Pounds','GIP','£',0,'2019-11-09 11:39:01',NULL),(783,'Greece','Euro','EUR','€',0,'2019-11-09 11:39:01',NULL),(784,'Guatemala','Quetzales','GTQ','Q',0,'2019-11-09 11:39:01',NULL),(785,'Guernsey','Pounds','GGP','£',0,'2019-11-09 11:39:01',NULL),(786,'Guyana','Dollars','GYD','$',0,'2019-11-09 11:39:01',NULL),(787,'Holland (Netherlands)','Euro','EUR','€',0,'2019-11-09 11:39:01',NULL),(788,'Honduras','Lempiras','HNL','L',0,'2019-11-09 11:39:01',NULL),(789,'Hong Kong','Dollars','HKD','$',0,'2019-11-09 11:39:01',NULL),(790,'Hungary','Forint','HUF','Ft',0,'2019-11-09 11:39:01',NULL),(791,'Iceland','Kronur','ISK','kr',0,'2019-11-09 11:39:01',NULL),(792,'India','Rupees','INR','Rp',0,'2019-11-09 11:39:01',NULL),(793,'Indonesia','Rupiahs','IDR','Rp',0,'2019-11-09 11:39:01',NULL),(794,'Ireland','Euro','EUR','€',0,'2019-11-09 11:39:01',NULL),(795,'Isle of Man','Pounds','IMP','£',0,'2019-11-09 11:39:01',NULL),(796,'Italy','Euro','EUR','€',0,'2019-11-09 11:39:01',NULL),(797,'Jamaica','Dollars','JMD','J$',0,'2019-11-09 11:39:01',NULL),(798,'Japan','Yen','JPY','¥',0,'2019-11-09 11:39:01',NULL),(799,'Jersey','Pounds','JEP','£',0,'2019-11-09 11:39:01',NULL),(800,'Latvia','Lati','LVL','Ls',0,'2019-11-09 11:39:01',NULL),(801,'Lebanon','Pounds','LBP','£',0,'2019-11-09 11:39:01',NULL),(802,'Liberia','Dollars','LRD','$',0,'2019-11-09 11:39:01',NULL),(803,'Liechtenstein','Switzerland Francs','CHF','CHF',0,'2019-11-09 11:39:01',NULL),(804,'Lithuania','Litai','LTL','Lt',0,'2019-11-09 11:39:01',NULL),(805,'Luxembourg','Euro','EUR','€',0,'2019-11-09 11:39:01',NULL),(806,'Malaysia','Ringgits','MYR','RM',0,'2019-11-09 11:39:01',NULL),(807,'Malta','Euro','EUR','€',0,'2019-11-09 11:39:01',NULL),(808,'Mexico','Pesos','MXN','$',0,'2019-11-09 11:39:01',NULL),(809,'Mozambique','Meticais','MZN','MT',0,'2019-11-09 11:39:01',NULL),(810,'Namibia','Dollars','NAD','$',0,'2019-11-09 11:39:01',NULL),(811,'Nepal','Rupees','NPR','Rs',0,'2019-11-09 11:39:01',NULL),(812,'Netherlands Antilles','Guilders','ANG','ƒ',0,'2019-11-09 11:39:01',NULL),(813,'Netherlands','Euro','EUR','€',0,'2019-11-09 11:39:01',NULL),(814,'New Zealand','Dollars','NZD','$',0,'2019-11-09 11:39:01',NULL),(815,'Nicaragua','Cordobas','NIO','C$',0,'2019-11-09 11:39:01',NULL),(816,'Brazil','Reais','BRL','R$',0,'2019-11-09 11:39:23',NULL),(817,'Britain (United Kingdom)','Pounds','GBP','£',0,'2019-11-09 11:39:23',NULL),(818,'Brunei Darussalam','Dollars','BND','$',0,'2019-11-09 11:39:23',NULL),(819,'Canada','Dollars','CAD','$',0,'2019-11-09 11:39:23',NULL),(820,'Cayman Islands','Dollars','KYD','$',0,'2019-11-09 11:39:23',NULL),(821,'Chile','Pesos','CLP','$',0,'2019-11-09 11:39:23',NULL),(822,'China','Yuan Renminbi','CNY','¥',0,'2019-11-09 11:39:23',NULL),(823,'Colombia','Pesos','COP','$',0,'2019-11-09 11:39:23',NULL),(824,'Croatia','Kuna','HRK','kn',0,'2019-11-09 11:39:23',NULL),(825,'Cyprus','Euro','EUR','€',0,'2019-11-09 11:39:23',NULL),(826,'Denmark','Kroner','DKK','kr',0,'2019-11-09 11:39:23',NULL),(827,'Dominican Republic','Pesos','DOP ','RD$',0,'2019-11-09 11:39:23',NULL),(828,'East Caribbean','Dollars','XCD','$',0,'2019-11-09 11:39:23',NULL),(829,'Egypt','Pounds','EGP','£',0,'2019-11-09 11:39:23',NULL),(830,'El Salvador','Colones','SVC','$',0,'2019-11-09 11:39:23',NULL),(831,'England (United Kingdom)','Pounds','GBP','£',0,'2019-11-09 11:39:23',NULL),(832,'Euro','Euro','EUR','€',0,'2019-11-09 11:39:23',NULL),(833,'Falkland Islands','Pounds','FKP','£',0,'2019-11-09 11:39:23',NULL),(834,'Fiji','Dollars','FJD','$',0,'2019-11-09 11:39:23',NULL),(835,'France','Euro','EUR','€',0,'2019-11-09 11:39:23',NULL),(836,'Ghana','Cedis','GHC','¢',0,'2019-11-09 11:39:23',NULL),(837,'Gibraltar','Pounds','GIP','£',0,'2019-11-09 11:39:23',NULL),(838,'Greece','Euro','EUR','€',0,'2019-11-09 11:39:23',NULL),(839,'Guatemala','Quetzales','GTQ','Q',0,'2019-11-09 11:39:23',NULL),(840,'Guernsey','Pounds','GGP','£',0,'2019-11-09 11:39:23',NULL),(841,'Guyana','Dollars','GYD','$',0,'2019-11-09 11:39:23',NULL),(842,'Holland (Netherlands)','Euro','EUR','€',0,'2019-11-09 11:39:23',NULL),(843,'Honduras','Lempiras','HNL','L',0,'2019-11-09 11:39:23',NULL),(844,'Hong Kong','Dollars','HKD','$',0,'2019-11-09 11:39:23',NULL),(845,'Hungary','Forint','HUF','Ft',0,'2019-11-09 11:39:23',NULL),(846,'Iceland','Kronur','ISK','kr',0,'2019-11-09 11:39:23',NULL),(847,'India','Rupees','INR','Rp',0,'2019-11-09 11:39:23',NULL),(848,'Indonesia','Rupiahs','IDR','Rp',0,'2019-11-09 11:39:23',NULL),(849,'Ireland','Euro','EUR','€',0,'2019-11-09 11:39:23',NULL),(850,'Isle of Man','Pounds','IMP','£',0,'2019-11-09 11:39:23',NULL),(851,'Italy','Euro','EUR','€',0,'2019-11-09 11:39:23',NULL),(852,'Jamaica','Dollars','JMD','J$',0,'2019-11-09 11:39:23',NULL),(853,'Japan','Yen','JPY','¥',0,'2019-11-09 11:39:23',NULL),(854,'Jersey','Pounds','JEP','£',0,'2019-11-09 11:39:23',NULL),(855,'Latvia','Lati','LVL','Ls',0,'2019-11-09 11:39:23',NULL),(856,'Lebanon','Pounds','LBP','£',0,'2019-11-09 11:39:23',NULL),(857,'Liberia','Dollars','LRD','$',0,'2019-11-09 11:39:23',NULL),(858,'Liechtenstein','Switzerland Francs','CHF','CHF',0,'2019-11-09 11:39:23',NULL),(859,'Lithuania','Litai','LTL','Lt',0,'2019-11-09 11:39:23',NULL),(860,'Luxembourg','Euro','EUR','€',0,'2019-11-09 11:39:23',NULL),(861,'Malaysia','Ringgits','MYR','RM',0,'2019-11-09 11:39:23',NULL),(862,'Malta','Euro','EUR','€',0,'2019-11-09 11:39:23',NULL),(863,'Mexico','Pesos','MXN','$',0,'2019-11-09 11:39:23',NULL),(864,'Mozambique','Meticais','MZN','MT',0,'2019-11-09 11:39:23',NULL),(865,'Namibia','Dollars','NAD','$',0,'2019-11-09 11:39:23',NULL),(866,'Nepal','Rupees','NPR','Rs',0,'2019-11-09 11:39:23',NULL),(867,'Netherlands Antilles','Guilders','ANG','ƒ',0,'2019-11-09 11:39:23',NULL),(868,'Netherlands','Euro','EUR','€',0,'2019-11-09 11:39:23',NULL),(869,'New Zealand','Dollars','NZD','$',0,'2019-11-09 11:39:23',NULL),(870,'Nicaragua','Cordobas','NIO','C$',0,'2019-11-09 11:39:23',NULL),(871,'Norway','Krone','NOK','kr',0,'2019-11-09 11:39:23',NULL),(872,'Pakistan','Rupees','PKR','Rs',0,'2019-11-09 11:39:23',NULL),(873,'Panama','Balboa','PAB','B/.',0,'2019-11-09 11:39:23',NULL),(874,'Paraguay','Guarani','PYG','Gs',0,'2019-11-09 11:39:23',NULL),(875,'Peru','Nuevos Soles','PEN','S/.',0,'2019-11-09 11:39:23',NULL),(876,'Philippines','Pesos','PHP','Php',0,'2019-11-09 11:39:23',NULL),(877,'Brazil','Reais','BRL','R$',0,'2019-11-09 11:39:44',NULL),(878,'Britain (United Kingdom)','Pounds','GBP','£',0,'2019-11-09 11:39:44',NULL),(879,'Brunei Darussalam','Dollars','BND','$',0,'2019-11-09 11:39:44',NULL),(880,'Canada','Dollars','CAD','$',0,'2019-11-09 11:39:44',NULL),(881,'Cayman Islands','Dollars','KYD','$',0,'2019-11-09 11:39:44',NULL),(882,'Chile','Pesos','CLP','$',0,'2019-11-09 11:39:44',NULL),(883,'China','Yuan Renminbi','CNY','¥',0,'2019-11-09 11:39:44',NULL),(884,'Colombia','Pesos','COP','$',0,'2019-11-09 11:39:44',NULL),(885,'Croatia','Kuna','HRK','kn',0,'2019-11-09 11:39:44',NULL),(886,'Cyprus','Euro','EUR','€',0,'2019-11-09 11:39:44',NULL),(887,'Denmark','Kroner','DKK','kr',0,'2019-11-09 11:39:44',NULL),(888,'Dominican Republic','Pesos','DOP ','RD$',0,'2019-11-09 11:39:44',NULL),(889,'East Caribbean','Dollars','XCD','$',0,'2019-11-09 11:39:44',NULL),(890,'Egypt','Pounds','EGP','£',0,'2019-11-09 11:39:44',NULL),(891,'El Salvador','Colones','SVC','$',0,'2019-11-09 11:39:44',NULL),(892,'England (United Kingdom)','Pounds','GBP','£',0,'2019-11-09 11:39:44',NULL),(893,'Euro','Euro','EUR','€',0,'2019-11-09 11:39:44',NULL),(894,'Falkland Islands','Pounds','FKP','£',0,'2019-11-09 11:39:44',NULL),(895,'Fiji','Dollars','FJD','$',0,'2019-11-09 11:39:44',NULL),(896,'France','Euro','EUR','€',0,'2019-11-09 11:39:44',NULL),(897,'Ghana','Cedis','GHC','¢',0,'2019-11-09 11:39:44',NULL),(898,'Gibraltar','Pounds','GIP','£',0,'2019-11-09 11:39:44',NULL),(899,'Greece','Euro','EUR','€',0,'2019-11-09 11:39:44',NULL),(900,'Guatemala','Quetzales','GTQ','Q',0,'2019-11-09 11:39:44',NULL),(901,'Guernsey','Pounds','GGP','£',0,'2019-11-09 11:39:44',NULL),(902,'Guyana','Dollars','GYD','$',0,'2019-11-09 11:39:44',NULL),(903,'Holland (Netherlands)','Euro','EUR','€',0,'2019-11-09 11:39:44',NULL),(904,'Honduras','Lempiras','HNL','L',0,'2019-11-09 11:39:44',NULL),(905,'Hong Kong','Dollars','HKD','$',0,'2019-11-09 11:39:44',NULL),(906,'Hungary','Forint','HUF','Ft',0,'2019-11-09 11:39:44',NULL),(907,'Iceland','Kronur','ISK','kr',0,'2019-11-09 11:39:44',NULL),(908,'India','Rupees','INR','Rp',0,'2019-11-09 11:39:44',NULL),(909,'Indonesia','Rupiahs','IDR','Rp',0,'2019-11-09 11:39:44',NULL),(910,'Ireland','Euro','EUR','€',0,'2019-11-09 11:39:44',NULL),(911,'Isle of Man','Pounds','IMP','£',0,'2019-11-09 11:39:44',NULL),(912,'Italy','Euro','EUR','€',0,'2019-11-09 11:39:44',NULL),(913,'Jamaica','Dollars','JMD','J$',0,'2019-11-09 11:39:44',NULL),(914,'Japan','Yen','JPY','¥',0,'2019-11-09 11:39:44',NULL),(915,'Jersey','Pounds','JEP','£',0,'2019-11-09 11:39:44',NULL),(916,'Latvia','Lati','LVL','Ls',0,'2019-11-09 11:39:44',NULL),(917,'Lebanon','Pounds','LBP','£',0,'2019-11-09 11:39:44',NULL),(918,'Liberia','Dollars','LRD','$',0,'2019-11-09 11:39:44',NULL),(919,'Liechtenstein','Switzerland Francs','CHF','CHF',0,'2019-11-09 11:39:44',NULL),(920,'Lithuania','Litai','LTL','Lt',0,'2019-11-09 11:39:44',NULL),(921,'Luxembourg','Euro','EUR','€',0,'2019-11-09 11:39:44',NULL),(922,'Malaysia','Ringgits','MYR','RM',0,'2019-11-09 11:39:44',NULL),(923,'Malta','Euro','EUR','€',0,'2019-11-09 11:39:44',NULL),(924,'Mexico','Pesos','MXN','$',0,'2019-11-09 11:39:44',NULL),(925,'Mozambique','Meticais','MZN','MT',0,'2019-11-09 11:39:44',NULL),(926,'Namibia','Dollars','NAD','$',0,'2019-11-09 11:39:44',NULL),(927,'Nepal','Rupees','NPR','Rs',0,'2019-11-09 11:39:44',NULL),(928,'Netherlands Antilles','Guilders','ANG','ƒ',0,'2019-11-09 11:39:44',NULL),(929,'Netherlands','Euro','EUR','€',0,'2019-11-09 11:39:44',NULL),(930,'New Zealand','Dollars','NZD','$',0,'2019-11-09 11:39:44',NULL),(931,'Nicaragua','Cordobas','NIO','C$',0,'2019-11-09 11:39:44',NULL),(932,'Norway','Krone','NOK','kr',0,'2019-11-09 11:39:44',NULL),(933,'Pakistan','Rupees','PKR','Rs',0,'2019-11-09 11:39:44',NULL),(934,'Panama','Balboa','PAB','B/.',0,'2019-11-09 11:39:44',NULL),(935,'Paraguay','Guarani','PYG','Gs',0,'2019-11-09 11:39:44',NULL),(936,'Peru','Nuevos Soles','PEN','S/.',0,'2019-11-09 11:39:44',NULL),(937,'Philippines','Pesos','PHP','Php',0,'2019-11-09 11:39:44',NULL),(938,'Romania','New Lei','RON','lei',0,'2019-11-09 11:39:44',NULL),(939,'Saint Helena','Pounds','SHP','£',0,'2019-11-09 11:39:44',NULL),(940,'Brazil','Reais','BRL','R$',0,'2019-11-09 11:39:58',NULL),(941,'Britain (United Kingdom)','Pounds','GBP','£',0,'2019-11-09 11:39:58',NULL),(942,'Brunei Darussalam','Dollars','BND','$',0,'2019-11-09 11:39:58',NULL),(943,'Canada','Dollars','CAD','$',0,'2019-11-09 11:39:58',NULL),(944,'Cayman Islands','Dollars','KYD','$',0,'2019-11-09 11:39:58',NULL),(945,'Chile','Pesos','CLP','$',0,'2019-11-09 11:39:58',NULL),(946,'China','Yuan Renminbi','CNY','¥',0,'2019-11-09 11:39:58',NULL),(947,'Colombia','Pesos','COP','$',0,'2019-11-09 11:39:58',NULL),(948,'Croatia','Kuna','HRK','kn',0,'2019-11-09 11:39:58',NULL),(949,'Cyprus','Euro','EUR','€',0,'2019-11-09 11:39:58',NULL),(950,'Denmark','Kroner','DKK','kr',0,'2019-11-09 11:39:58',NULL),(951,'Dominican Republic','Pesos','DOP ','RD$',0,'2019-11-09 11:39:58',NULL),(952,'East Caribbean','Dollars','XCD','$',0,'2019-11-09 11:39:58',NULL),(953,'Egypt','Pounds','EGP','£',0,'2019-11-09 11:39:58',NULL),(954,'El Salvador','Colones','SVC','$',0,'2019-11-09 11:39:58',NULL),(955,'England (United Kingdom)','Pounds','GBP','£',0,'2019-11-09 11:39:58',NULL),(956,'Euro','Euro','EUR','€',0,'2019-11-09 11:39:58',NULL),(957,'Falkland Islands','Pounds','FKP','£',0,'2019-11-09 11:39:58',NULL),(958,'Fiji','Dollars','FJD','$',0,'2019-11-09 11:39:58',NULL),(959,'France','Euro','EUR','€',0,'2019-11-09 11:39:58',NULL),(960,'Ghana','Cedis','GHC','¢',0,'2019-11-09 11:39:58',NULL),(961,'Gibraltar','Pounds','GIP','£',0,'2019-11-09 11:39:58',NULL),(962,'Greece','Euro','EUR','€',0,'2019-11-09 11:39:58',NULL),(963,'Guatemala','Quetzales','GTQ','Q',0,'2019-11-09 11:39:58',NULL),(964,'Guernsey','Pounds','GGP','£',0,'2019-11-09 11:39:58',NULL),(965,'Guyana','Dollars','GYD','$',0,'2019-11-09 11:39:58',NULL),(966,'Holland (Netherlands)','Euro','EUR','€',0,'2019-11-09 11:39:58',NULL),(967,'Honduras','Lempiras','HNL','L',0,'2019-11-09 11:39:58',NULL),(968,'Hong Kong','Dollars','HKD','$',0,'2019-11-09 11:39:58',NULL),(969,'Hungary','Forint','HUF','Ft',0,'2019-11-09 11:39:58',NULL),(970,'Iceland','Kronur','ISK','kr',0,'2019-11-09 11:39:58',NULL),(971,'India','Rupees','INR','Rp',0,'2019-11-09 11:39:58',NULL),(972,'Indonesia','Rupiahs','IDR','Rp',0,'2019-11-09 11:39:58',NULL),(973,'Ireland','Euro','EUR','€',0,'2019-11-09 11:39:58',NULL),(974,'Isle of Man','Pounds','IMP','£',0,'2019-11-09 11:39:58',NULL),(975,'Italy','Euro','EUR','€',0,'2019-11-09 11:39:58',NULL),(976,'Jamaica','Dollars','JMD','J$',0,'2019-11-09 11:39:58',NULL),(977,'Japan','Yen','JPY','¥',0,'2019-11-09 11:39:58',NULL),(978,'Jersey','Pounds','JEP','£',0,'2019-11-09 11:39:58',NULL),(979,'Latvia','Lati','LVL','Ls',0,'2019-11-09 11:39:58',NULL),(980,'Lebanon','Pounds','LBP','£',0,'2019-11-09 11:39:58',NULL),(981,'Liberia','Dollars','LRD','$',0,'2019-11-09 11:39:58',NULL),(982,'Liechtenstein','Switzerland Francs','CHF','CHF',0,'2019-11-09 11:39:58',NULL),(983,'Lithuania','Litai','LTL','Lt',0,'2019-11-09 11:39:58',NULL),(984,'Luxembourg','Euro','EUR','€',0,'2019-11-09 11:39:58',NULL),(985,'Malaysia','Ringgits','MYR','RM',0,'2019-11-09 11:39:58',NULL),(986,'Malta','Euro','EUR','€',0,'2019-11-09 11:39:58',NULL),(987,'Mexico','Pesos','MXN','$',0,'2019-11-09 11:39:58',NULL),(988,'Mozambique','Meticais','MZN','MT',0,'2019-11-09 11:39:58',NULL),(989,'Namibia','Dollars','NAD','$',0,'2019-11-09 11:39:58',NULL),(990,'Nepal','Rupees','NPR','Rs',0,'2019-11-09 11:39:58',NULL),(991,'Netherlands Antilles','Guilders','ANG','ƒ',0,'2019-11-09 11:39:58',NULL),(992,'Netherlands','Euro','EUR','€',0,'2019-11-09 11:39:58',NULL),(993,'New Zealand','Dollars','NZD','$',0,'2019-11-09 11:39:58',NULL),(994,'Nicaragua','Cordobas','NIO','C$',0,'2019-11-09 11:39:58',NULL),(995,'Norway','Krone','NOK','kr',0,'2019-11-09 11:39:58',NULL),(996,'Pakistan','Rupees','PKR','Rs',0,'2019-11-09 11:39:58',NULL),(997,'Panama','Balboa','PAB','B/.',0,'2019-11-09 11:39:58',NULL),(998,'Paraguay','Guarani','PYG','Gs',0,'2019-11-09 11:39:58',NULL),(999,'Peru','Nuevos Soles','PEN','S/.',0,'2019-11-09 11:39:58',NULL),(1000,'Philippines','Pesos','PHP','Php',0,'2019-11-09 11:39:58',NULL),(1001,'Romania','New Lei','RON','lei',0,'2019-11-09 11:39:58',NULL),(1002,'Saint Helena','Pounds','SHP','£',0,'2019-11-09 11:39:58',NULL),(1003,'Brazil','Reais','BRL','R$',0,'2019-11-09 11:40:19',NULL),(1004,'Britain (United Kingdom)','Pounds','GBP','£',0,'2019-11-09 11:40:19',NULL),(1005,'Brunei Darussalam','Dollars','BND','$',0,'2019-11-09 11:40:19',NULL),(1006,'Canada','Dollars','CAD','$',0,'2019-11-09 11:40:19',NULL),(1007,'Cayman Islands','Dollars','KYD','$',0,'2019-11-09 11:40:19',NULL),(1008,'Chile','Pesos','CLP','$',0,'2019-11-09 11:40:19',NULL),(1009,'China','Yuan Renminbi','CNY','¥',0,'2019-11-09 11:40:19',NULL),(1010,'Colombia','Pesos','COP','$',0,'2019-11-09 11:40:19',NULL),(1011,'Croatia','Kuna','HRK','kn',0,'2019-11-09 11:40:19',NULL),(1012,'Cyprus','Euro','EUR','€',0,'2019-11-09 11:40:19',NULL),(1013,'Denmark','Kroner','DKK','kr',0,'2019-11-09 11:40:19',NULL),(1014,'Dominican Republic','Pesos','DOP ','RD$',0,'2019-11-09 11:40:19',NULL),(1015,'East Caribbean','Dollars','XCD','$',0,'2019-11-09 11:40:19',NULL),(1016,'Egypt','Pounds','EGP','£',0,'2019-11-09 11:40:19',NULL),(1017,'El Salvador','Colones','SVC','$',0,'2019-11-09 11:40:19',NULL),(1018,'England (United Kingdom)','Pounds','GBP','£',0,'2019-11-09 11:40:19',NULL),(1019,'Euro','Euro','EUR','€',0,'2019-11-09 11:40:19',NULL),(1020,'Falkland Islands','Pounds','FKP','£',0,'2019-11-09 11:40:19',NULL),(1021,'Fiji','Dollars','FJD','$',0,'2019-11-09 11:40:19',NULL),(1022,'France','Euro','EUR','€',0,'2019-11-09 11:40:19',NULL),(1023,'Ghana','Cedis','GHC','¢',0,'2019-11-09 11:40:19',NULL),(1024,'Gibraltar','Pounds','GIP','£',0,'2019-11-09 11:40:19',NULL),(1025,'Greece','Euro','EUR','€',0,'2019-11-09 11:40:19',NULL),(1026,'Guatemala','Quetzales','GTQ','Q',0,'2019-11-09 11:40:19',NULL),(1027,'Guernsey','Pounds','GGP','£',0,'2019-11-09 11:40:19',NULL),(1028,'Guyana','Dollars','GYD','$',0,'2019-11-09 11:40:19',NULL),(1029,'Holland (Netherlands)','Euro','EUR','€',0,'2019-11-09 11:40:19',NULL),(1030,'Honduras','Lempiras','HNL','L',0,'2019-11-09 11:40:19',NULL),(1031,'Hong Kong','Dollars','HKD','$',0,'2019-11-09 11:40:19',NULL),(1032,'Hungary','Forint','HUF','Ft',0,'2019-11-09 11:40:19',NULL),(1033,'Iceland','Kronur','ISK','kr',0,'2019-11-09 11:40:19',NULL),(1034,'India','Rupees','INR','Rp',0,'2019-11-09 11:40:19',NULL),(1035,'Indonesia','Rupiahs','IDR','Rp',0,'2019-11-09 11:40:19',NULL),(1036,'Ireland','Euro','EUR','€',0,'2019-11-09 11:40:19',NULL),(1037,'Isle of Man','Pounds','IMP','£',0,'2019-11-09 11:40:19',NULL),(1038,'Italy','Euro','EUR','€',0,'2019-11-09 11:40:19',NULL),(1039,'Jamaica','Dollars','JMD','J$',0,'2019-11-09 11:40:19',NULL),(1040,'Japan','Yen','JPY','¥',0,'2019-11-09 11:40:19',NULL),(1041,'Jersey','Pounds','JEP','£',0,'2019-11-09 11:40:19',NULL),(1042,'Latvia','Lati','LVL','Ls',0,'2019-11-09 11:40:19',NULL),(1043,'Lebanon','Pounds','LBP','£',0,'2019-11-09 11:40:19',NULL),(1044,'Liberia','Dollars','LRD','$',0,'2019-11-09 11:40:19',NULL),(1045,'Liechtenstein','Switzerland Francs','CHF','CHF',0,'2019-11-09 11:40:19',NULL),(1046,'Lithuania','Litai','LTL','Lt',0,'2019-11-09 11:40:19',NULL),(1047,'Luxembourg','Euro','EUR','€',0,'2019-11-09 11:40:19',NULL),(1048,'Malaysia','Ringgits','MYR','RM',0,'2019-11-09 11:40:19',NULL),(1049,'Malta','Euro','EUR','€',0,'2019-11-09 11:40:19',NULL),(1050,'Mexico','Pesos','MXN','$',0,'2019-11-09 11:40:19',NULL),(1051,'Mozambique','Meticais','MZN','MT',0,'2019-11-09 11:40:19',NULL),(1052,'Namibia','Dollars','NAD','$',0,'2019-11-09 11:40:19',NULL),(1053,'Nepal','Rupees','NPR','Rs',0,'2019-11-09 11:40:19',NULL),(1054,'Netherlands Antilles','Guilders','ANG','ƒ',0,'2019-11-09 11:40:19',NULL),(1055,'Netherlands','Euro','EUR','€',0,'2019-11-09 11:40:19',NULL),(1056,'New Zealand','Dollars','NZD','$',0,'2019-11-09 11:40:19',NULL),(1057,'Nicaragua','Cordobas','NIO','C$',0,'2019-11-09 11:40:19',NULL),(1058,'Norway','Krone','NOK','kr',0,'2019-11-09 11:40:19',NULL),(1059,'Pakistan','Rupees','PKR','Rs',0,'2019-11-09 11:40:19',NULL),(1060,'Panama','Balboa','PAB','B/.',0,'2019-11-09 11:40:19',NULL),(1061,'Paraguay','Guarani','PYG','Gs',0,'2019-11-09 11:40:19',NULL),(1062,'Peru','Nuevos Soles','PEN','S/.',0,'2019-11-09 11:40:19',NULL),(1063,'Philippines','Pesos','PHP','Php',0,'2019-11-09 11:40:19',NULL),(1064,'Romania','New Lei','RON','lei',0,'2019-11-09 11:40:19',NULL),(1065,'Saint Helena','Pounds','SHP','£',0,'2019-11-09 11:40:19',NULL),(1066,'Seychelles','Rupees','SCR','Rs',0,'2019-11-09 11:40:19',NULL),(1067,'Singapore','Dollars','SGD','$',0,'2019-11-09 11:40:19',NULL),(1068,'Slovenia','Euro','EUR','€',0,'2019-11-09 11:40:19',NULL),(1069,'Solomon Islands','Dollars','SBD','$',0,'2019-11-09 11:40:19',NULL),(1070,'Somalia','Shillings','SOS','S',0,'2019-11-09 11:40:19',NULL),(1071,'South Africa','Rand','ZAR','R',0,'2019-11-09 11:40:19',NULL),(1072,'Spain','Euro','EUR','€',0,'2019-11-09 11:40:19',NULL),(1073,'Sri Lanka','Rupees','LKR','Rs',0,'2019-11-09 11:40:19',NULL),(1074,'Sweden','Kronor','SEK','kr',0,'2019-11-09 11:40:19',NULL),(1075,'Switzerland','Francs','CHF','CHF',0,'2019-11-09 11:40:19',NULL),(1076,'Suriname','Dollars','SRD','$',0,'2019-11-09 11:40:19',NULL),(1077,'Syria','Pounds','SYP','£',0,'2019-11-09 11:40:19',NULL),(1078,'Taiwan','New Dollars','TWD','NT$',0,'2019-11-09 11:40:19',NULL),(1079,'Trinidad and Tobago','Dollars','TTD','TT$',0,'2019-11-09 11:40:19',NULL),(1080,'Brazil','Reais','BRL','R$',0,'2019-11-09 11:40:29',NULL),(1081,'Britain (United Kingdom)','Pounds','GBP','£',0,'2019-11-09 11:40:29',NULL),(1082,'Brunei Darussalam','Dollars','BND','$',0,'2019-11-09 11:40:29',NULL),(1083,'Canada','Dollars','CAD','$',0,'2019-11-09 11:40:29',NULL),(1084,'Cayman Islands','Dollars','KYD','$',0,'2019-11-09 11:40:29',NULL),(1085,'Chile','Pesos','CLP','$',0,'2019-11-09 11:40:29',NULL),(1086,'China','Yuan Renminbi','CNY','¥',0,'2019-11-09 11:40:29',NULL),(1087,'Colombia','Pesos','COP','$',0,'2019-11-09 11:40:29',NULL),(1088,'Croatia','Kuna','HRK','kn',0,'2019-11-09 11:40:29',NULL),(1089,'Cyprus','Euro','EUR','€',0,'2019-11-09 11:40:29',NULL),(1090,'Denmark','Kroner','DKK','kr',0,'2019-11-09 11:40:29',NULL),(1091,'Dominican Republic','Pesos','DOP ','RD$',0,'2019-11-09 11:40:29',NULL),(1092,'East Caribbean','Dollars','XCD','$',0,'2019-11-09 11:40:29',NULL),(1093,'Egypt','Pounds','EGP','£',0,'2019-11-09 11:40:29',NULL),(1094,'El Salvador','Colones','SVC','$',0,'2019-11-09 11:40:29',NULL),(1095,'England (United Kingdom)','Pounds','GBP','£',0,'2019-11-09 11:40:29',NULL),(1096,'Euro','Euro','EUR','€',0,'2019-11-09 11:40:29',NULL),(1097,'Falkland Islands','Pounds','FKP','£',0,'2019-11-09 11:40:29',NULL),(1098,'Fiji','Dollars','FJD','$',0,'2019-11-09 11:40:29',NULL),(1099,'France','Euro','EUR','€',0,'2019-11-09 11:40:29',NULL),(1100,'Ghana','Cedis','GHC','¢',0,'2019-11-09 11:40:29',NULL),(1101,'Gibraltar','Pounds','GIP','£',0,'2019-11-09 11:40:29',NULL),(1102,'Greece','Euro','EUR','€',0,'2019-11-09 11:40:29',NULL),(1103,'Guatemala','Quetzales','GTQ','Q',0,'2019-11-09 11:40:29',NULL),(1104,'Guernsey','Pounds','GGP','£',0,'2019-11-09 11:40:29',NULL),(1105,'Guyana','Dollars','GYD','$',0,'2019-11-09 11:40:29',NULL),(1106,'Holland (Netherlands)','Euro','EUR','€',0,'2019-11-09 11:40:29',NULL),(1107,'Honduras','Lempiras','HNL','L',0,'2019-11-09 11:40:29',NULL),(1108,'Hong Kong','Dollars','HKD','$',0,'2019-11-09 11:40:29',NULL),(1109,'Hungary','Forint','HUF','Ft',0,'2019-11-09 11:40:29',NULL),(1110,'Iceland','Kronur','ISK','kr',0,'2019-11-09 11:40:29',NULL),(1111,'India','Rupees','INR','Rp',0,'2019-11-09 11:40:29',NULL),(1112,'Indonesia','Rupiahs','IDR','Rp',0,'2019-11-09 11:40:29',NULL),(1113,'Ireland','Euro','EUR','€',0,'2019-11-09 11:40:29',NULL),(1114,'Isle of Man','Pounds','IMP','£',0,'2019-11-09 11:40:29',NULL),(1115,'Italy','Euro','EUR','€',0,'2019-11-09 11:40:29',NULL),(1116,'Jamaica','Dollars','JMD','J$',0,'2019-11-09 11:40:29',NULL),(1117,'Japan','Yen','JPY','¥',0,'2019-11-09 11:40:29',NULL),(1118,'Jersey','Pounds','JEP','£',0,'2019-11-09 11:40:29',NULL),(1119,'Latvia','Lati','LVL','Ls',0,'2019-11-09 11:40:29',NULL),(1120,'Lebanon','Pounds','LBP','£',0,'2019-11-09 11:40:29',NULL),(1121,'Liberia','Dollars','LRD','$',0,'2019-11-09 11:40:29',NULL),(1122,'Liechtenstein','Switzerland Francs','CHF','CHF',0,'2019-11-09 11:40:29',NULL),(1123,'Lithuania','Litai','LTL','Lt',0,'2019-11-09 11:40:29',NULL),(1124,'Luxembourg','Euro','EUR','€',0,'2019-11-09 11:40:29',NULL),(1125,'Malaysia','Ringgits','MYR','RM',0,'2019-11-09 11:40:29',NULL),(1126,'Malta','Euro','EUR','€',0,'2019-11-09 11:40:29',NULL),(1127,'Mexico','Pesos','MXN','$',0,'2019-11-09 11:40:29',NULL),(1128,'Mozambique','Meticais','MZN','MT',0,'2019-11-09 11:40:29',NULL),(1129,'Namibia','Dollars','NAD','$',0,'2019-11-09 11:40:29',NULL),(1130,'Nepal','Rupees','NPR','Rs',0,'2019-11-09 11:40:29',NULL),(1131,'Netherlands Antilles','Guilders','ANG','ƒ',0,'2019-11-09 11:40:29',NULL),(1132,'Netherlands','Euro','EUR','€',0,'2019-11-09 11:40:29',NULL),(1133,'New Zealand','Dollars','NZD','$',0,'2019-11-09 11:40:29',NULL),(1134,'Nicaragua','Cordobas','NIO','C$',0,'2019-11-09 11:40:29',NULL),(1135,'Norway','Krone','NOK','kr',0,'2019-11-09 11:40:29',NULL),(1136,'Pakistan','Rupees','PKR','Rs',0,'2019-11-09 11:40:29',NULL),(1137,'Panama','Balboa','PAB','B/.',0,'2019-11-09 11:40:29',NULL),(1138,'Paraguay','Guarani','PYG','Gs',0,'2019-11-09 11:40:29',NULL),(1139,'Peru','Nuevos Soles','PEN','S/.',0,'2019-11-09 11:40:29',NULL),(1140,'Philippines','Pesos','PHP','Php',0,'2019-11-09 11:40:29',NULL),(1141,'Romania','New Lei','RON','lei',0,'2019-11-09 11:40:29',NULL),(1142,'Saint Helena','Pounds','SHP','£',0,'2019-11-09 11:40:29',NULL),(1143,'Seychelles','Rupees','SCR','Rs',0,'2019-11-09 11:40:29',NULL),(1144,'Singapore','Dollars','SGD','$',0,'2019-11-09 11:40:29',NULL),(1145,'Slovenia','Euro','EUR','€',0,'2019-11-09 11:40:29',NULL),(1146,'Solomon Islands','Dollars','SBD','$',0,'2019-11-09 11:40:29',NULL),(1147,'Somalia','Shillings','SOS','S',0,'2019-11-09 11:40:29',NULL),(1148,'South Africa','Rand','ZAR','R',0,'2019-11-09 11:40:29',NULL),(1149,'Spain','Euro','EUR','€',0,'2019-11-09 11:40:29',NULL),(1150,'Sri Lanka','Rupees','LKR','Rs',0,'2019-11-09 11:40:29',NULL),(1151,'Sweden','Kronor','SEK','kr',0,'2019-11-09 11:40:29',NULL),(1152,'Switzerland','Francs','CHF','CHF',0,'2019-11-09 11:40:29',NULL),(1153,'Suriname','Dollars','SRD','$',0,'2019-11-09 11:40:29',NULL),(1154,'Syria','Pounds','SYP','£',0,'2019-11-09 11:40:29',NULL),(1155,'Taiwan','New Dollars','TWD','NT$',0,'2019-11-09 11:40:29',NULL),(1156,'Trinidad and Tobago','Dollars','TTD','TT$',0,'2019-11-09 11:40:29',NULL),(1157,'Turkey','Lira','TRY','TL',0,'2019-11-09 11:41:04',NULL),(1158,'Turkey','Liras','TRL','£',0,'2019-11-09 11:41:04',NULL),(1159,'Tuvalu','Dollars','TVD','$',0,'2019-11-09 11:41:04',NULL),(1160,'United Kingdom','Pounds','GBP','£',0,'2019-11-09 11:41:04',NULL),(1161,'United States of America','Dollars','USD','$',0,'2019-11-09 11:41:04',NULL),(1162,'Uruguay','Pesos','UYU','$U',0,'2019-11-09 11:41:04',NULL),(1163,'Turkey','Lira','TRY','TL',0,'2019-11-09 11:41:12',NULL),(1164,'Turkey','Liras','TRL','£',0,'2019-11-09 11:41:12',NULL),(1165,'Tuvalu','Dollars','TVD','$',0,'2019-11-09 11:41:12',NULL),(1166,'United Kingdom','Pounds','GBP','£',0,'2019-11-09 11:41:12',NULL),(1167,'United States of America','Dollars','USD','$',0,'2019-11-09 11:41:12',NULL),(1168,'Uruguay','Pesos','UYU','$U',0,'2019-11-09 11:41:12',NULL),(1169,'Vatican City','Euro','EUR','€',0,'2019-11-09 11:41:12',NULL),(1170,'Venezuela','Bolivares Fuertes','VEF','Bs',0,'2019-11-09 11:41:12',NULL),(1171,'Zimbabwe','Zimbabwe Dollars','ZWD','Z$',0,'2019-11-09 11:41:12',NULL);
/*!40000 ALTER TABLE `currency` ENABLE KEYS */;
UNLOCK TABLES;

--
-- Table structure for table `email_list`
--

DROP TABLE IF EXISTS `email_list`;
/*!40101 SET @saved_cs_client     = @@character_set_client */;
/*!50503 SET character_set_client = utf8mb4 */;
CREATE TABLE `email_list` (
  `email_list_id` int NOT NULL AUTO_INCREMENT,
  `name` varchar(255) DEFAULT NULL,
  `phone` varchar(255) DEFAULT NULL,
  `email` varchar(255) DEFAULT NULL,
  `submit_from` varchar(255) DEFAULT NULL,
  `status` int DEFAULT '1',
  `created_at` datetime NOT NULL DEFAULT CURRENT_TIMESTAMP,
  `modified_at` datetime DEFAULT NULL,
  PRIMARY KEY (`email_list_id`)
) ENGINE=InnoDB AUTO_INCREMENT=50 DEFAULT CHARSET=latin1;
/*!40101 SET character_set_client = @saved_cs_client */;

--
-- Dumping data for table `email_list`
--

LOCK TABLES `email_list` WRITE;
/*!40000 ALTER TABLE `email_list` DISABLE KEYS */;
INSERT INTO `email_list` VALUES (1,'vinoth','9500700240','vinoth@coralmint.in','Réservation',1,'2019-12-11 15:33:47',NULL),(2,'vignesh','9487442676','vignesh@coralmint.in','Réservation',1,'2019-12-11 15:33:47',NULL),(3,'nancy','8778568799','nancy@coralmint.in','Paiement',1,'2019-12-11 15:39:49',NULL),(4,'priya','9791979197','priya@coralmint.in','Réservation',1,'2019-12-11 15:39:49',NULL),(5,'jenitha','9797897552','jenitha@coralmint.in','Paiement',1,'2019-12-11 15:39:49',NULL),(6,'bhavithra','9884226884','bhavithra.t@coralmint.in','Réservation',1,'2019-12-11 15:39:49',NULL),(15,'janitest','9443794297','vignesh2676@gmail.com','Réservation',1,'2019-12-28 06:40:08',NULL),(16,'nancy','9894652127','sujanancy@gmail.com','Réservation',1,'2019-12-28 10:21:27',NULL),(23,'vignesh','09500700240','ramya@gmail.com','Réservation',1,'2019-12-31 07:25:40',NULL),(24,NULL,NULL,'sujanancy@gmail.com','soi',1,'2020-01-02 11:54:07',NULL),(25,'vignesh','09500700240','priya@gmail.com','Réservation',1,'2020-01-02 12:59:45',NULL),(26,'Yohan','0686894956','Yohan.artishowcabaret@gmail.com','Réservation',1,'2020-01-07 22:40:05',NULL),(27,'Maxime','+33 0 3 89 69 68 99','waleda@coralmint.in','Réservation',1,'2020-01-10 11:15:06',NULL),(28,'Rozi','8761376189','rozi@coralmint.in','Réservation',1,'2020-01-12 14:19:31',NULL),(29,'vignesh','09500700240','admin@coralmint.in','Réservation',1,'2020-01-13 07:11:37',NULL),(30,'vignesh','09500700240','hari@gmail.com','Réservation',1,'2020-01-13 07:31:55',NULL),(31,'vignesh','09500700240','vino@gmail.com','Réservation',1,'2020-01-13 07:50:50',NULL),(32,'DENOITTE','783711208','denoitte@artishow.in','Réservation',1,'2020-01-21 17:05:52',NULL),(33,'AVIS VOLTAIRE','143489950','avis@artishow.com','Réservation',1,'2020-01-21 17:08:51',NULL),(34,'EYCHENNE','111','eychenne@artishow.com','Réservation',1,'2020-01-21 17:10:43',NULL),(35,'DE VITI','663560870','deviti@artishow.com','Réservation',1,'2020-01-21 17:20:35',NULL),(36,'GIRARDEAU','677140056','a@artishow.com','Réservation',1,'2020-01-21 17:22:30',NULL),(37,'Yves','00000000','ymontmorency@gmail.com','Réservation',1,'2020-01-27 21:19:11',NULL),(38,'Midi','988217261','midi@coralmint.in','Réservation',1,'2020-02-06 05:10:17',NULL),(39,'soir','123456789','soir@coralmint.in','Réservation',1,'2020-02-06 05:12:59',NULL),(40,'Club Animation','9876543210','ClubAnimation@coralmint.in','Réservation',1,'2020-02-13 09:05:05',NULL),(41,'UNI','09 60 42 43 40','UNILOISIRS@coralmint.in','Réservation',1,'2020-02-13 09:08:42',NULL),(42,'pascal','0686894956','pyxprod@gmail.com','Réservation',1,'2020-02-15 15:38:16',NULL),(43,'Frederic','0611052889','frederichemmert@hotmail.com','Réservation',1,'2020-02-18 18:18:02',NULL),(44,'Samar','0618881368','samar.elhassani@gmail.com','Réservation',1,'2020-02-18 18:32:15',NULL),(45,'Olivier','0632509873','liebaert.olivier@hotmail.fr','Réservation',1,'2020-02-18 18:41:03',NULL),(46,'Corine','0663277736','corine.pike@laposte.net','Réservation',1,'2020-02-18 18:51:49',NULL),(47,NULL,NULL,'yohan.artishowcabaret@gmail.com','soi',1,'2020-02-19 14:14:17',NULL),(48,'ggggggggggggg','00000000000','ggggg@gmail.com','Réservation',1,'2020-02-19 15:03:27',NULL),(49,'rude','000111111','rude@gmail.com','Réservation',1,'2020-02-19 15:08:10',NULL);
/*!40000 ALTER TABLE `email_list` ENABLE KEYS */;
UNLOCK TABLES;

--
-- Table structure for table `email_reminder_templates`
--

DROP TABLE IF EXISTS `email_reminder_templates`;
/*!40101 SET @saved_cs_client     = @@character_set_client */;
/*!50503 SET character_set_client = utf8mb4 */;
CREATE TABLE `email_reminder_templates` (
  `email_reminder_templates_id` int NOT NULL AUTO_INCREMENT,
  `name` varchar(255) DEFAULT NULL,
  `route_name` varchar(255) DEFAULT NULL,
  `file_url` varchar(255) DEFAULT NULL,
  `status` int NOT NULL DEFAULT '1',
  `created_at` datetime NOT NULL DEFAULT CURRENT_TIMESTAMP,
  `modified_at` datetime DEFAULT NULL,
  PRIMARY KEY (`email_reminder_templates_id`)
) ENGINE=MyISAM AUTO_INCREMENT=3 DEFAULT CHARSET=latin1;
/*!40101 SET character_set_client = @saved_cs_client */;

--
-- Dumping data for table `email_reminder_templates`
--

LOCK TABLES `email_reminder_templates` WRITE;
/*!40000 ALTER TABLE `email_reminder_templates` DISABLE KEYS */;
INSERT INTO `email_reminder_templates` VALUES (1,'offre cadeau\r\n','email_templates/partner_with_us_success.blade.php','http://artishow.coralmint.in/partner_with_us_success',1,'2019-12-12 17:47:54',NULL),(2,'offre festival\r\n','email_templates/vendor_approved.blade.php','http://artishow.coralmint.in/vendor_approved',1,'2019-12-12 17:47:54',NULL);
/*!40000 ALTER TABLE `email_reminder_templates` ENABLE KEYS */;
UNLOCK TABLES;

--
-- Table structure for table `event_categories`
--

DROP TABLE IF EXISTS `event_categories`;
/*!40101 SET @saved_cs_client     = @@character_set_client */;
/*!50503 SET character_set_client = utf8mb4 */;
CREATE TABLE `event_categories` (
  `event_categories_id` int NOT NULL AUTO_INCREMENT,
  `category_name` varchar(255) DEFAULT NULL,
  `status` int DEFAULT '0',
  `created_date` datetime NOT NULL DEFAULT CURRENT_TIMESTAMP,
  `modified_date` datetime DEFAULT NULL,
  PRIMARY KEY (`event_categories_id`)
) ENGINE=InnoDB AUTO_INCREMENT=6 DEFAULT CHARSET=latin1;
/*!40101 SET character_set_client = @saved_cs_client */;

--
-- Dumping data for table `event_categories`
--

LOCK TABLES `event_categories` WRITE;
/*!40000 ALTER TABLE `event_categories` DISABLE KEYS */;
INSERT INTO `event_categories` VALUES (1,'Indifférent',0,'2019-11-11 06:15:49',NULL),(2,'Offre',0,'2019-11-11 06:15:49',NULL),(3,'Déjeuner spectacle',0,'2019-11-11 06:16:13',NULL),(4,'Dîner Spectacle',0,'2019-11-11 06:16:13',NULL),(5,'Spectacle',0,'2019-12-16 17:51:52',NULL);
/*!40000 ALTER TABLE `event_categories` ENABLE KEYS */;
UNLOCK TABLES;

--
-- Table structure for table `event_details`
--

DROP TABLE IF EXISTS `event_details`;
/*!40101 SET @saved_cs_client     = @@character_set_client */;
/*!50503 SET character_set_client = utf8mb4 */;
CREATE TABLE `event_details` (
  `event_details_id` int NOT NULL AUTO_INCREMENT,
  `event_title` varchar(255) DEFAULT NULL,
  `event_categories` int DEFAULT NULL,
  `event_description` text,
  `event_luggage_reception` varchar(255) DEFAULT NULL,
  `event_service_time` varchar(255) DEFAULT NULL,
  `event_type` varchar(255) DEFAULT NULL,
  `event_resservation_count` varchar(255) DEFAULT NULL,
  `event_quantity` varchar(255) DEFAULT NULL,
  `event_price_person` varchar(255) DEFAULT NULL,
  `event_price_currency` int DEFAULT '34',
  `event_start_date` varchar(255) DEFAULT NULL,
  `event_end_date` varchar(255) DEFAULT NULL,
  `event_period_days` varchar(255) DEFAULT NULL,
  `published_status` varchar(255) DEFAULT NULL,
  `heart_stroke_status` varchar(255) DEFAULT NULL,
  `event_venue_place` varchar(255) DEFAULT NULL,
  `event_venue_city` varchar(255) DEFAULT NULL,
  `event_venue_phone` varchar(255) DEFAULT NULL,
  `event_organizer_name` varchar(255) DEFAULT NULL,
  `event_organizer_phone` varchar(255) DEFAULT NULL,
  `event_organizer_email` varchar(255) DEFAULT NULL,
  `status` int DEFAULT '0',
  `created_date` datetime DEFAULT CURRENT_TIMESTAMP,
  `modified_date` datetime DEFAULT NULL,
  PRIMARY KEY (`event_details_id`)
) ENGINE=InnoDB AUTO_INCREMENT=44 DEFAULT CHARSET=latin1;
/*!40101 SET character_set_client = @saved_cs_client */;

--
-- Dumping data for table `event_details`
--

LOCK TABLES `event_details` WRITE;
/*!40000 ALTER TABLE `event_details` DISABLE KEYS */;
INSERT INTO `event_details` VALUES (26,'LE DÎNER SPECTACLE 5*****',4,'MENU\n\nCocktail Framboise\n\nAssiette \"terre et mer \"\n( foie gras de canard et petite salade fraîcheur marine )\n*\nPapillote de poisson aux écrevisses\nou\nBlanquette de veau à l\'ancienne\nou\nEmincé de poulet parfumé au curry jaune thaï\n*\nLes gourmandises de Framboise\n*\n1/2 bouteille de vin AOC par personne et eaux minérales à discrétion\n\nSpectacle à 22h15 & fin vers minuit\n\nConformément à la législation en vigueur, le service des boissons est interrompu durant la durée du show.','Accueil à 20h00 précises','soir','main',NULL,'100','119',34,'2020-01-21','2020-03-31',NULL,'true','true',NULL,NULL,NULL,NULL,NULL,NULL,0,'2020-01-21 16:42:39',NULL),(27,'DÉJEUNER SPECTACLE CERTAINS MIDIS',3,'MENU\n\nCocktail Framboise\n\nAssiette \"terre et mer \"\n( foie gras de canard et petite salade fraîcheur marine )\n*\nBlanquette de veau à l\'ancienne\n*\nFromage du jour affiné\n*\nLes gourmandises de Framboise\n*\nCafé\n*\n1/2 bouteille de vin AOC par personne\n\n\nSpectacle à 14h30 & fin vers 16h30','Accueil à 12h30 précises','midi','main',NULL,'100','68',34,'21-01-2020','31-03-2020',NULL,'true','true',NULL,NULL,NULL,NULL,NULL,NULL,0,'2020-01-21 16:56:06','2020-02-13 09:07:46'),(28,'SHOW',5,'Spectacle seul, placement assis garanti.','Accueil à 22h','soir','main',NULL,'100','60',34,'2020-01-21','2020-03-31',NULL,'true','true',NULL,NULL,NULL,NULL,NULL,NULL,0,'2020-01-21 17:00:55',NULL),(29,'Goûter spectacle',5,NULL,NULL,'midi','main',NULL,'100','35',34,'2020-01-21','2020-03-31',NULL,'true','false',NULL,NULL,NULL,NULL,NULL,NULL,0,'2020-01-21 17:13:22','2020-01-21 17:15:53'),(30,'Saint Valentin',4,'Formule Amour \n***\n1 Coupe de Champagne à l\'apéritif\n***\nDuo Terre et Mer\nFoie gras et salade fraîcheur de perles marines \n***\nPlat au choix : \nBlanquette de veau tradition ou Filet de Poulet façon Thaï\n***\nCafé Gourmand\n***\n1/2 Bouteille de Vin/pers.','20h00 précise','soir','main',NULL,'100','119',34,'2020-01-21','2020-02-17',NULL,'true','true',NULL,NULL,NULL,NULL,NULL,NULL,0,'2020-01-21 17:15:44',NULL),(31,'VIP',4,'MENU\n\nAccueil prioritaire\nPlacement VIP\nVisite exceptionnelle des loges en compagnie des artistes à la fin du show...\n\nMENU\n\nCocktail Framboise\n\nAssiette \"terre et mer \"\n( foie gras de canard et petite salade fraîcheur marine )\n*\nPapillote de poisson aux écrevisses\nou\nBlanquette de veau à l\'ancienne\nou\nEmincé de poulet parfumé au curry jaune thaï\n*\nFromage du jour affiné\n*\nLes gourmandises de Framboise\n*\nEaux minérales et\n1/2 bouteille de Champagne Laurent-Perrier\n\n\nSpectacle à 22h15 & fin vers minuit\n\nConformément à la législation en vigueur, le service des boissons est interrompu durant la durée du show.','Accueil à 20h00 précises','soir','main',NULL,'100','169',34,'2020-01-22','2020-03-31',NULL,'true','true',NULL,NULL,NULL,NULL,NULL,NULL,0,'2020-01-22 12:44:21',NULL),(32,'OFFRE FRAMBOISE',4,'MENU\n\nCocktail Framboise\n\nAssiette \"terre et mer \"\n( foie gras de canard et petite salade fraîcheur marine )\n*\nBlanquette de veau à l\'ancienne\nou\nEmincé de poulet parfumé au curry jaune thaï\n*\nLes gourmandises de Framboise\n*\n1 verre de vin rouge par personne\n\nSpectacle à 22h15 & fin vers minuit','Accueil à 20h00 précises','soir','main',NULL,'100','89',34,'01-01-1970','31-03-2020',NULL,'true','true',NULL,NULL,NULL,NULL,NULL,NULL,0,'2020-01-22 12:46:04','2020-01-22 12:47:01'),(33,'Réveillon de Noël',4,'MENU\n\nCoupe de Champagne\n*\nSaumon fumé écossais aux perles marines et foie gras de canard\n*\nPapillote de la mer à la provençale ou\nSuprème de pintadeau sauce foie gras et truffe\n*\nAssiette de fromages\n*\nDessert de Noël\n*\nCafé , 1/2 bouteille de vin et une coupe de Champagne pendant le Show\n\nSpectacle à 23 h 00\n\nConformément à la législation en vigueur, le service des boissons est interrompu durant la durée du show.','Accueil à 20h00 précises','soir','main',NULL,'100','139',34,'2020-01-22','2020-03-31',NULL,'false','false',NULL,NULL,NULL,NULL,NULL,NULL,0,'2020-01-22 12:49:41',NULL),(34,'Réveillon du jour de l\'an',4,'MENU\n\nPetite salade fraîcheur de perles marines aux crevettes de Madagascar\n*\nFoie gras de canard aux fruits frais\n*\nPapillote de cabillaud, Saint-Jacques et écrevisses ou\nSuprême de pintadeau sauce foie gras et truffes\n*\nAssiette de fromages\n*\nDélice de la St Sylvestre\n*\nCafé , Champagne \"Laurent-Perrier\" à discrétion pendant toute la soirée\n\nSpectacle à 0 h 30\n\nConformément à la législation en vigueur, le service des boissons est interrompu durant la durée du show.','Accueil à 20h30 précises','soir','main',NULL,'100','239',34,'1970-01-01','1970-01-01',NULL,'false','false',NULL,NULL,NULL,NULL,NULL,NULL,0,'2020-01-22 12:51:32',NULL),(35,'Déjeuner de Noël',3,'MENU\n\nCocktail\n*\nSaumon fumé écossais aux perles marines et foie gras de canard\n*\nDélice de volaille sauce foie gras et truffes\n*\nAssiette de fromages\n*\nBûche de Noël\n*\nCafé , 1/2 bouteille de vin et une coupe de Champagne pendant le Show\n\nSpectacle à 15 h 30','Accueil à 13h précises','midi','main',NULL,'100','99',34,'2020-01-22','2020-03-31',NULL,'false','false',NULL,NULL,NULL,NULL,NULL,NULL,0,'2020-01-22 12:56:03',NULL),(36,'Réveillon LUXE',3,'Autour de la mer\nCaviar et fraîcheur océane\n*\nMille-feuilles de foie gras\n*\nPapillote de cabillaud, Saint-Jacques et écrevisses ou\nSuprême de pintadeau sauce foie gras et truffes\n*\nTrilogie de fromage & roquette\n*\nDélice de la St Sylvestre\n*\n1 Bouteille de champagne \" Bollinger \"\n*\n1 Ballotin de chocolats & le livre de l\'Artishow\n*\nCafé , Champagne \"Laurent-Perrier\" à discrétion pendant toute la soirée\n\nSpectacle à 0 h 30\n\nConformément à la législation en vigueur, le service des boissons est interrompu durant la durée du show.','Accueil prioritaire à 20h15','soir','main',NULL,'100','349',34,'2020-01-22','2020-03-31',NULL,'false','false',NULL,NULL,NULL,NULL,NULL,NULL,0,'2020-01-22 12:58:15',NULL),(37,'Saint Valentin',4,'Formule Amour \n***\n1 Coupe de Champagne à l\'apéritif\n***\nDuo Terre et Mer\nFoie gras et salade fraîcheur de perles marines \n***\nPlat au choix : \nBlanquette de veau tradition ou Filet de Poulet façon Thaï\n***\nCafé Gourmand\n***\n1/2 Bouteille de Vin/pers.','20h00 précise','soir','main',NULL,'100','119',34,'1970-01-01','1970-01-01',NULL,'false','false',NULL,NULL,NULL,NULL,NULL,NULL,0,'2020-01-22 12:59:57',NULL),(38,'PRESTIGE',4,'Dîner Prestige',NULL,'soir','main',NULL,'100','189',34,'1970-01-01','1970-01-01',NULL,'true','false',NULL,NULL,NULL,NULL,NULL,NULL,0,'2020-01-22 13:01:22',NULL),(39,'CCP',4,'Formule CCP petits fours vestiaire et champagne',NULL,'soir','add_on',NULL,'100','0',34,NULL,NULL,NULL,'true','false',NULL,NULL,NULL,NULL,NULL,NULL,0,'2020-01-22 13:02:51',NULL),(40,'SHOW MIDI',5,'SHOW MIDI',NULL,'midi','add_on',NULL,'100','49',34,NULL,NULL,NULL,'true','false',NULL,NULL,NULL,NULL,NULL,NULL,0,'2020-01-22 13:04:28',NULL),(41,'LUXE',4,'Dîner Luxe',NULL,'soir','main',NULL,'100','269',34,'1970-01-01','1970-01-01',NULL,'true','false',NULL,NULL,NULL,NULL,NULL,NULL,0,'2020-01-22 13:05:55',NULL),(42,'SUPER VIP',4,'GRRYIOOPML',NULL,'soir','add_on',NULL,'100','189',34,NULL,NULL,NULL,'false','false',NULL,NULL,NULL,NULL,NULL,NULL,1,'2020-01-22 13:07:05','2020-02-19 14:11:31'),(43,'CMT-test',1,'desc','no-recep','midi','main',NULL,'100','100',34,'2020-02-11','2020-03-06',NULL,'true','true',NULL,NULL,NULL,NULL,NULL,NULL,0,'2020-02-11 17:11:10',NULL);
/*!40000 ALTER TABLE `event_details` ENABLE KEYS */;
UNLOCK TABLES;

--
-- Table structure for table `event_formulae_master`
--

DROP TABLE IF EXISTS `event_formulae_master`;
/*!40101 SET @saved_cs_client     = @@character_set_client */;
/*!50503 SET character_set_client = utf8mb4 */;
CREATE TABLE `event_formulae_master` (
  `event_formulae_master_id` int NOT NULL AUTO_INCREMENT,
  `formulae` varchar(255) DEFAULT NULL,
  `status` int NOT NULL DEFAULT '0',
  `created_date` datetime DEFAULT NULL,
  `modified_date` datetime DEFAULT NULL,
  PRIMARY KEY (`event_formulae_master_id`)
) ENGINE=InnoDB AUTO_INCREMENT=7 DEFAULT CHARSET=latin1;
/*!40101 SET character_set_client = @saved_cs_client */;

--
-- Dumping data for table `event_formulae_master`
--

LOCK TABLES `event_formulae_master` WRITE;
/*!40000 ALTER TABLE `event_formulae_master` DISABLE KEYS */;
INSERT INTO `event_formulae_master` VALUES (1,'Dîner 5 Etoiles Végétarien',0,NULL,NULL),(2,'Luxe',0,NULL,NULL),(3,'Dîner VIP',0,NULL,NULL),(4,'Prestige',0,NULL,NULL),(5,'LE Luxe VIP',0,NULL,NULL),(6,'Dîner 5 Étoiles',0,NULL,NULL);
/*!40000 ALTER TABLE `event_formulae_master` ENABLE KEYS */;
UNLOCK TABLES;

--
-- Table structure for table `event_formulae_price_list`
--

DROP TABLE IF EXISTS `event_formulae_price_list`;
/*!40101 SET @saved_cs_client     = @@character_set_client */;
/*!50503 SET character_set_client = utf8mb4 */;
CREATE TABLE `event_formulae_price_list` (
  `event_formulae_price_list_id` int NOT NULL AUTO_INCREMENT,
  `event_id` int DEFAULT NULL,
  `event_formulae_id` int DEFAULT NULL,
  `amount` varchar(255) DEFAULT NULL,
  `status` int NOT NULL DEFAULT '0',
  `created_date` datetime DEFAULT NULL,
  `modified_date` datetime DEFAULT NULL,
  PRIMARY KEY (`event_formulae_price_list_id`)
) ENGINE=InnoDB AUTO_INCREMENT=47 DEFAULT CHARSET=latin1;
/*!40101 SET character_set_client = @saved_cs_client */;

--
-- Dumping data for table `event_formulae_price_list`
--

LOCK TABLES `event_formulae_price_list` WRITE;
/*!40000 ALTER TABLE `event_formulae_price_list` DISABLE KEYS */;
INSERT INTO `event_formulae_price_list` VALUES (45,30,3,'60',0,'2020-01-21 17:15:44',NULL),(46,43,1,'50',0,'2020-02-11 17:11:10',NULL);
/*!40000 ALTER TABLE `event_formulae_price_list` ENABLE KEYS */;
UNLOCK TABLES;

--
-- Table structure for table `event_image`
--

DROP TABLE IF EXISTS `event_image`;
/*!40101 SET @saved_cs_client     = @@character_set_client */;
/*!50503 SET character_set_client = utf8mb4 */;
CREATE TABLE `event_image` (
  `event_image_id` int NOT NULL AUTO_INCREMENT,
  `event_id` int DEFAULT NULL,
  `event_image_name` varchar(255) DEFAULT NULL,
  `event_image_duplicate_name` varchar(255) DEFAULT NULL,
  `event_image_ext` varchar(255) DEFAULT NULL,
  `event_image_url` varchar(255) DEFAULT NULL,
  `status` int DEFAULT NULL,
  `created_date` datetime NOT NULL DEFAULT CURRENT_TIMESTAMP,
  `modified_date` datetime DEFAULT NULL,
  PRIMARY KEY (`event_image_id`)
) ENGINE=InnoDB DEFAULT CHARSET=latin1;
/*!40101 SET character_set_client = @saved_cs_client */;

--
-- Dumping data for table `event_image`
--

LOCK TABLES `event_image` WRITE;
/*!40000 ALTER TABLE `event_image` DISABLE KEYS */;
/*!40000 ALTER TABLE `event_image` ENABLE KEYS */;
UNLOCK TABLES;

--
-- Table structure for table `event_line_items`
--

DROP TABLE IF EXISTS `event_line_items`;
/*!40101 SET @saved_cs_client     = @@character_set_client */;
/*!50503 SET character_set_client = utf8mb4 */;
CREATE TABLE `event_line_items` (
  `event_line_item_id` int NOT NULL AUTO_INCREMENT,
  `event_reservation_id` int DEFAULT NULL,
  `event_formulae_id` int DEFAULT NULL,
  `event_id` int DEFAULT NULL,
  `event_name` varchar(255) DEFAULT NULL,
  `event_description` text,
  `event_categories` int DEFAULT NULL,
  `number_of_person` varchar(255) DEFAULT '1',
  `event_quantity` varchar(255) DEFAULT NULL,
  `show_date` varchar(255) DEFAULT NULL,
  `event_start_date` varchar(255) DEFAULT NULL,
  `event_end_date` varchar(255) DEFAULT NULL,
  `event_service_time` varchar(255) DEFAULT NULL,
  `price_per_person` varchar(255) DEFAULT NULL,
  `discount_price` varchar(255) DEFAULT NULL,
  `total_price` varchar(255) DEFAULT NULL,
  `created_date` datetime DEFAULT CURRENT_TIMESTAMP,
  `modified_date` datetime DEFAULT NULL,
  `updated_at` datetime DEFAULT CURRENT_TIMESTAMP,
  `created_at` datetime DEFAULT CURRENT_TIMESTAMP,
  PRIMARY KEY (`event_line_item_id`)
) ENGINE=InnoDB AUTO_INCREMENT=165 DEFAULT CHARSET=latin1;
/*!40101 SET character_set_client = @saved_cs_client */;

--
-- Dumping data for table `event_line_items`
--

LOCK TABLES `event_line_items` WRITE;
/*!40000 ALTER TABLE `event_line_items` DISABLE KEYS */;
INSERT INTO `event_line_items` VALUES (23,17,0,26,'LE DÎNER SPECTACLE 5*****','MENU\n\nCocktail Framboise\n\nAssiette \"terre et mer \"\n( foie gras de canard et petite salade fraîcheur marine )\n*\nPapillote de poisson aux écrevisses\nou\nBlanquette de veau à l\'ancienne\nou\nEmincé de poulet parfumé au curry jaune thaï\n*\nLes gourmandises de Framboise\n*\n1/2 bouteille de vin AOC par personne et eaux minérales à discrétion\n\nSpectacle à 22h15 & fin vers minuit\n\nConformément à la législation en vigueur, le service des boissons est interrompu durant la durée du show.',4,'2','100','2020-01-23','2020-01-21','2020-03-31','soir','119',NULL,'238','2020-01-21 17:05:52',NULL,'2020-02-22 10:13:37','2020-02-22 10:14:35'),(24,18,0,26,'LE DÎNER SPECTACLE 5*****','MENU\n\nCocktail Framboise\n\nAssiette \"terre et mer \"\n( foie gras de canard et petite salade fraîcheur marine )\n*\nPapillote de poisson aux écrevisses\nou\nBlanquette de veau à l\'ancienne\nou\nEmincé de poulet parfumé au curry jaune thaï\n*\nLes gourmandises de Framboise\n*\n1/2 bouteille de vin AOC par personne et eaux minérales à discrétion\n\nSpectacle à 22h15 & fin vers minuit\n\nConformément à la législation en vigueur, le service des boissons est interrompu durant la durée du show.',4,'11','100','2020-01-23','2020-01-21','2020-03-31','soir','119',NULL,'1309','2020-01-21 17:08:51',NULL,'2020-02-22 10:13:37','2020-02-22 10:14:35'),(25,19,0,26,'LE DÎNER SPECTACLE 5*****','MENU\n\nCocktail Framboise\n\nAssiette \"terre et mer \"\n( foie gras de canard et petite salade fraîcheur marine )\n*\nPapillote de poisson aux écrevisses\nou\nBlanquette de veau à l\'ancienne\nou\nEmincé de poulet parfumé au curry jaune thaï\n*\nLes gourmandises de Framboise\n*\n1/2 bouteille de vin AOC par personne et eaux minérales à discrétion\n\nSpectacle à 22h15 & fin vers minuit\n\nConformément à la législation en vigueur, le service des boissons est interrompu durant la durée du show.',4,'2','100','2020-01-23','2020-01-21','2020-03-31','soir','119',NULL,'238','2020-01-21 17:10:43',NULL,'2020-02-22 10:13:37','2020-02-22 10:14:35'),(26,20,0,30,'Saint Valentin','Formule Amour \n***\n1 Coupe de Champagne à l\'apéritif\n***\nDuo Terre et Mer\nFoie gras et salade fraîcheur de perles marines \n***\nPlat au choix : \nBlanquette de veau tradition ou Filet de Poulet façon Thaï\n***\nCafé Gourmand\n***\n1/2 Bouteille de Vin/pers.',4,'2','100','2020-02-14','2020-01-21','2020-02-17','soir','119',NULL,'238','2020-01-21 17:20:35',NULL,'2020-02-22 10:13:37','2020-02-22 10:14:35'),(27,21,45,30,'Saint Valentin','Formule Amour \n***\n1 Coupe de Champagne à l\'apéritif\n***\nDuo Terre et Mer\nFoie gras et salade fraîcheur de perles marines \n***\nPlat au choix : \nBlanquette de veau tradition ou Filet de Poulet façon Thaï\n***\nCafé Gourmand\n***\n1/2 Bouteille de Vin/pers.',4,'2','100','2020-02-14','2020-01-21','2020-02-17','soir','119',NULL,'358','2020-01-21 17:22:30',NULL,'2020-02-22 10:13:37','2020-02-22 10:14:35'),(28,22,0,28,'SHOW','Spectacle seul, placement assis garanti.',5,'90','100','2020-01-31','2020-01-21','2020-03-31','soir','60',NULL,'5400','2020-01-27 21:19:11',NULL,'2020-02-22 10:13:37','2020-02-22 10:14:35'),(29,23,0,27,'DÉJEUNER SPECTACLE CERTAINS MIDIS','MENU\n\nCocktail Framboise\n\nAssiette \"terre et mer \"\n( foie gras de canard et petite salade fraîcheur marine )\n*\nBlanquette de veau à l\'ancienne\n*\nFromage du jour affiné\n*\nLes gourmandises de Framboise\n*\nCafé\n*\n1/2 bouteille de vin AOC par personne\n\n\nSpectacle à 14h30 & fin vers 16h30',3,'2','100','2020-02-06','2020-01-21','2020-03-31','midi','68',NULL,'136','2020-02-06 05:10:17',NULL,'2020-02-22 10:13:37','2020-02-22 10:14:35'),(30,24,0,26,'LE DÎNER SPECTACLE 5*****','MENU\n\nCocktail Framboise\n\nAssiette \"terre et mer \"\n( foie gras de canard et petite salade fraîcheur marine )\n*\nPapillote de poisson aux écrevisses\nou\nBlanquette de veau à l\'ancienne\nou\nEmincé de poulet parfumé au curry jaune thaï\n*\nLes gourmandises de Framboise\n*\n1/2 bouteille de vin AOC par personne et eaux minérales à discrétion\n\nSpectacle à 22h15 & fin vers minuit\n\nConformément à la législation en vigueur, le service des boissons est interrompu durant la durée du show.',4,'2','100','2020-03-05','2020-01-21','2020-03-31','soir','119',NULL,'238','2020-02-06 05:12:59',NULL,'2020-02-22 10:13:37','2020-02-22 10:14:35'),(31,25,46,43,'CMT-test','desc',1,'2','100','2020-02-14','2020-02-11','2020-03-06','midi','100',NULL,'300','2020-02-11 17:13:14',NULL,'2020-02-22 10:13:37','2020-02-22 10:14:35'),(32,25,0,43,'CMT-test','desc',1,'2','100','2020-02-15','2020-02-11','2020-03-06','midi','100',NULL,'200','2020-02-12 11:17:08','2020-02-12 11:17:08','2020-02-22 10:13:37','2020-02-22 10:14:35'),(33,25,0,43,'CMT-test','desc',1,'3','100','2020-02-14','2020-02-11','2020-03-06','midi','100',NULL,'300','2020-02-12 11:17:59','2020-02-12 11:17:59','2020-02-22 10:13:37','2020-02-22 10:14:35'),(34,25,0,43,'CMT-test','desc',1,'2','100','2020-02-13','2020-02-11','2020-03-06','midi','100',NULL,'200','2020-02-12 11:18:59','2020-02-12 11:18:59','2020-02-22 10:13:37','2020-02-22 10:14:35'),(35,26,0,27,'DÉJEUNER SPECTACLE CERTAINS MIDIS','MENU\n\nCocktail Framboise\n\nAssiette \"terre et mer \"\n( foie gras de canard et petite salade fraîcheur marine )\n*\nBlanquette de veau à l\'ancienne\n*\nFromage du jour affiné\n*\nLes gourmandises de Framboise\n*\nCafé\n*\n1/2 bouteille de vin AOC par personne\n\n\nSpectacle à 14h30 & fin vers 16h30',3,'50','100','2020-02-01','2020-01-21','2020-03-31','midi','68',NULL,'3400','2020-02-13 09:05:05',NULL,'2020-02-22 10:13:37','2020-02-22 10:14:35'),(36,27,0,27,'DÉJEUNER SPECTACLE CERTAINS MIDIS','MENU\n\nCocktail Framboise\n\nAssiette \"terre et mer \"\n( foie gras de canard et petite salade fraîcheur marine )\n*\nBlanquette de veau à l\'ancienne\n*\nFromage du jour affiné\n*\nLes gourmandises de Framboise\n*\nCafé\n*\n1/2 bouteille de vin AOC par personne\n\n\nSpectacle à 14h30 & fin vers 16h30',3,'20','100','2020-03-01','21-01-2020','31-03-2020','midi','68',NULL,'1360','2020-02-13 09:08:42',NULL,'2020-02-22 10:13:37','2020-02-22 10:14:35'),(38,25,46,43,'CMT-test','desc',1,'5','100','2020-02-15','2020-02-11','2020-03-06','midi','100',NULL,'550','2020-02-14 07:28:41','2020-02-14 07:28:41','2020-02-22 10:13:37','2020-02-22 10:14:35'),(39,28,0,32,'OFFRE FRAMBOISE','MENU\n\nCocktail Framboise\n\nAssiette \"terre et mer \"\n( foie gras de canard et petite salade fraîcheur marine )\n*\nBlanquette de veau à l\'ancienne\nou\nEmincé de poulet parfumé au curry jaune thaï\n*\nLes gourmandises de Framboise\n*\n1 verre de vin rouge par personne\n\nSpectacle à 22h15 & fin vers minuit',4,'2','100','2020-02-14','01-01-1970','31-03-2020','soir','89',NULL,'178','2020-02-14 16:13:16',NULL,'2020-02-22 10:13:37','2020-02-22 10:14:35'),(40,29,0,27,'DÉJEUNER SPECTACLE CERTAINS MIDIS','MENU\n\nCocktail Framboise\n\nAssiette \"terre et mer \"\n( foie gras de canard et petite salade fraîcheur marine )\n*\nBlanquette de veau à l\'ancienne\n*\nFromage du jour affiné\n*\nLes gourmandises de Framboise\n*\nCafé\n*\n1/2 bouteille de vin AOC par personne\n\n\nSpectacle à 14h30 & fin vers 16h30',3,'2','100','2020-03-13','21-01-2020','31-03-2020','midi','68',NULL,'136','2020-02-15 15:38:16',NULL,'2020-02-22 10:13:37','2020-02-22 10:14:35'),(41,30,0,26,'LE DÎNER SPECTACLE 5*****','MENU\n\nCocktail Framboise\n\nAssiette \"terre et mer \"\n( foie gras de canard et petite salade fraîcheur marine )\n*\nPapillote de poisson aux écrevisses\nou\nBlanquette de veau à l\'ancienne\nou\nEmincé de poulet parfumé au curry jaune thaï\n*\nLes gourmandises de Framboise\n*\n1/2 bouteille de vin AOC par personne et eaux minérales à discrétion\n\nSpectacle à 22h15 & fin vers minuit\n\nConformément à la législation en vigueur, le service des boissons est interrompu durant la durée du show.',4,'1','100','2020-03-14','2020-01-21','2020-03-31','soir','119',NULL,'119','2020-02-18 18:18:02',NULL,'2020-02-22 10:13:37','2020-02-22 10:14:35'),(42,31,0,28,'SHOW','Spectacle seul, placement assis garanti.',5,'2','100','2020-02-14','2020-01-21','2020-03-31','soir','60',NULL,'120','2020-02-18 18:32:15',NULL,'2020-02-22 10:13:37','2020-02-22 10:14:35'),(43,32,0,27,'DÉJEUNER SPECTACLE CERTAINS MIDIS','MENU\n\nCocktail Framboise\n\nAssiette \"terre et mer \"\n( foie gras de canard et petite salade fraîcheur marine )\n*\nBlanquette de veau à l\'ancienne\n*\nFromage du jour affiné\n*\nLes gourmandises de Framboise\n*\nCafé\n*\n1/2 bouteille de vin AOC par personne\n\n\nSpectacle à 14h30 & fin vers 16h30',3,'1','100','2020-03-20','21-01-2020','31-03-2020','midi','68',NULL,'68','2020-02-18 18:41:03',NULL,'2020-02-22 10:13:37','2020-02-22 10:14:35'),(44,33,0,27,'DÉJEUNER SPECTACLE CERTAINS MIDIS','MENU\n\nCocktail Framboise\n\nAssiette \"terre et mer \"\n( foie gras de canard et petite salade fraîcheur marine )\n*\nBlanquette de veau à l\'ancienne\n*\nFromage du jour affiné\n*\nLes gourmandises de Framboise\n*\nCafé\n*\n1/2 bouteille de vin AOC par personne\n\n\nSpectacle à 14h30 & fin vers 16h30',3,'1','100','2020-03-15','21-01-2020','31-03-2020','midi','68',NULL,'68','2020-02-18 18:51:49',NULL,'2020-02-22 10:13:37','2020-02-22 10:14:35'),(45,34,0,38,'PRESTIGE','Dîner Prestige',4,'2','100','2020-02-21','1970-01-01','1970-01-01','soir','189',NULL,'378','2020-02-19 14:19:40',NULL,'2020-02-22 10:13:37','2020-02-22 10:14:35'),(46,35,0,38,'PRESTIGE','Dîner Prestige',4,'10','100','2020-02-28','1970-01-01','1970-01-01','soir','189',NULL,'1890','2020-02-19 15:03:27',NULL,'2020-02-22 10:13:37','2020-02-22 10:14:35'),(47,36,0,32,'OFFRE FRAMBOISE','MENU\n\nCocktail Framboise\n\nAssiette \"terre et mer \"\n( foie gras de canard et petite salade fraîcheur marine )\n*\nBlanquette de veau à l\'ancienne\nou\nEmincé de poulet parfumé au curry jaune thaï\n*\nLes gourmandises de Framboise\n*\n1 verre de vin rouge par personne\n\nSpectacle à 22h15 & fin vers minuit',4,'20','100','2020-02-28','01-01-1970','31-03-2020','soir','89',NULL,'1780','2020-02-19 15:08:10',NULL,'2020-02-22 10:13:37','2020-02-22 10:14:35'),(115,110,NULL,NULL,'Arrivée 23 Février 2020 NOMBRE DE PERSONNES 2 Price 178&#8364; Total 178&#8364;',NULL,0,'','100',NULL,NULL,NULL,NULL,'178.00',NULL,'178.00','2020-02-22 10:58:07',NULL,'2020-02-22 05:28:07','2020-02-22 05:28:07'),(116,111,NULL,NULL,'Arrivée 06 Mars 2020 NOMBRE DE PERSONNES 4 Total 240&#8364;',NULL,0,'','100',NULL,NULL,NULL,NULL,'240.00',NULL,'240.00','2020-02-22 10:58:07',NULL,'2020-02-22 05:28:07','2020-02-22 05:28:07'),(117,112,NULL,NULL,'',NULL,0,'','100',NULL,NULL,NULL,NULL,'15.00',NULL,'15.00','2020-02-22 10:58:07',NULL,'2020-02-22 05:28:07','2020-02-22 05:28:07'),(118,113,NULL,NULL,'Arrivée 23 Février 2020 NOMBRE DE PERSONNES 2 Total 238&#8364;',NULL,0,'','100',NULL,NULL,NULL,NULL,'238.00',NULL,'238.00','2020-02-22 10:58:07',NULL,'2020-02-22 05:28:07','2020-02-22 05:28:07'),(119,114,NULL,NULL,'Arrivée 23 Février 2020 NOMBRE DE PERSONNES 5 Total 300&#8364;',NULL,0,'','100',NULL,NULL,NULL,NULL,'300.00',NULL,'300.00','2020-02-22 10:58:07',NULL,'2020-02-22 05:28:07','2020-02-22 05:28:07'),(120,115,NULL,NULL,'',NULL,0,'','100',NULL,NULL,NULL,NULL,'15.00',NULL,'30.00','2020-02-22 10:58:07',NULL,'2020-02-22 05:28:07','2020-02-22 05:28:07'),(121,116,NULL,NULL,'Arrivée 06 Mars 2020 NOMBRE DE PERSONNES 5 Price 445&#8364; Total 445&#8364;',NULL,0,'','100',NULL,NULL,NULL,NULL,'445.00',NULL,'445.00','2020-02-22 10:58:07',NULL,'2020-02-22 05:28:07','2020-02-22 05:28:07'),(122,117,NULL,NULL,'Arrivée 07 Mars 2020 NOMBRE DE PERSONNES 2 Total 120&#8364;',NULL,0,'','100',NULL,NULL,NULL,NULL,'120.00',NULL,'120.00','2020-02-22 10:58:07',NULL,'2020-02-22 05:28:07','2020-02-22 05:28:07'),(123,118,NULL,NULL,'Arrivée 01 Mars 2020 NOMBRE DE PERSONNES 2 Total 136&#8364;',NULL,0,'','100',NULL,NULL,NULL,NULL,'136.00',NULL,'136.00','2020-02-22 10:58:07',NULL,'2020-02-22 05:28:07','2020-02-22 05:28:07'),(124,119,NULL,NULL,'Arrivée 01 Mars 2020 NOMBRE DE PERSONNES 6 Total 408&#8364;',NULL,0,'','100',NULL,NULL,NULL,NULL,'408.00',NULL,'408.00','2020-02-22 10:58:07',NULL,'2020-02-22 05:28:07','2020-02-22 05:28:07'),(125,110,NULL,NULL,'Arrivée 23 Février 2020 NOMBRE DE PERSONNES 2 Price 178&#8364; Total 178&#8364;',NULL,0,'','100',NULL,NULL,NULL,NULL,'178.00',NULL,'178.00','2020-02-22 10:59:42',NULL,'2020-02-22 05:29:42','2020-02-22 05:29:42'),(126,111,NULL,NULL,'Arrivée 06 Mars 2020 NOMBRE DE PERSONNES 4 Total 240&#8364;',NULL,0,'','100',NULL,NULL,NULL,NULL,'240.00',NULL,'240.00','2020-02-22 10:59:42',NULL,'2020-02-22 05:29:42','2020-02-22 05:29:42'),(127,113,NULL,NULL,'Arrivée 23 Février 2020 NOMBRE DE PERSONNES 2 Total 238&#8364;',NULL,0,'','100',NULL,NULL,NULL,NULL,'238.00',NULL,'238.00','2020-02-22 10:59:42',NULL,'2020-02-22 05:29:42','2020-02-22 05:29:42'),(128,114,NULL,NULL,'Arrivée 23 Février 2020 NOMBRE DE PERSONNES 5 Total 300&#8364;',NULL,0,'','100',NULL,NULL,NULL,NULL,'300.00',NULL,'300.00','2020-02-22 10:59:42',NULL,'2020-02-22 05:29:42','2020-02-22 05:29:42'),(129,116,NULL,NULL,'Arrivée 06 Mars 2020 NOMBRE DE PERSONNES 5 Price 445&#8364; Total 445&#8364;',NULL,0,'','100',NULL,NULL,NULL,NULL,'445.00',NULL,'445.00','2020-02-22 10:59:42',NULL,'2020-02-22 05:29:42','2020-02-22 05:29:42'),(130,117,NULL,NULL,'Arrivée 07 Mars 2020 NOMBRE DE PERSONNES 2 Total 120&#8364;',NULL,0,'','100',NULL,NULL,NULL,NULL,'120.00',NULL,'120.00','2020-02-22 10:59:42',NULL,'2020-02-22 05:29:42','2020-02-22 05:29:42'),(131,118,NULL,NULL,'Arrivée 01 Mars 2020 NOMBRE DE PERSONNES 2 Total 136&#8364;',NULL,0,'','100',NULL,NULL,NULL,NULL,'136.00',NULL,'136.00','2020-02-22 10:59:42',NULL,'2020-02-22 05:29:42','2020-02-22 05:29:42'),(132,119,NULL,NULL,'Arrivée 01 Mars 2020 NOMBRE DE PERSONNES 6 Total 408&#8364;',NULL,0,'','100',NULL,NULL,NULL,NULL,'408.00',NULL,'408.00','2020-02-22 10:59:42',NULL,'2020-02-22 05:29:42','2020-02-22 05:29:42'),(133,110,NULL,NULL,'Arrivée 23 Février 2020 NOMBRE DE PERSONNES 2 Price 178&#8364; Total 178&#8364;',NULL,0,'','100',NULL,NULL,NULL,NULL,'178.00',NULL,'178.00','2020-02-22 11:01:56',NULL,'2020-02-22 05:31:56','2020-02-22 05:31:56'),(134,111,NULL,NULL,'Arrivée 06 Mars 2020 NOMBRE DE PERSONNES 4 Total 240&#8364;',NULL,0,'','100',NULL,NULL,NULL,NULL,'240.00',NULL,'240.00','2020-02-22 11:01:56',NULL,'2020-02-22 05:31:56','2020-02-22 05:31:56'),(135,113,NULL,NULL,'Arrivée 23 Février 2020 NOMBRE DE PERSONNES 2 Total 238&#8364;',NULL,0,'','100',NULL,NULL,NULL,NULL,'238.00',NULL,'238.00','2020-02-22 11:01:56',NULL,'2020-02-22 05:31:56','2020-02-22 05:31:56'),(136,114,NULL,NULL,'Arrivée 23 Février 2020 NOMBRE DE PERSONNES 5 Total 300&#8364;',NULL,0,'','100',NULL,NULL,NULL,NULL,'300.00',NULL,'300.00','2020-02-22 11:01:56',NULL,'2020-02-22 05:31:56','2020-02-22 05:31:56'),(137,116,NULL,NULL,'Arrivée 06 Mars 2020 NOMBRE DE PERSONNES 5 Price 445&#8364; Total 445&#8364;',NULL,0,'','100',NULL,NULL,NULL,NULL,'445.00',NULL,'445.00','2020-02-22 11:01:56',NULL,'2020-02-22 05:31:56','2020-02-22 05:31:56'),(138,117,NULL,NULL,'Arrivée 07 Mars 2020 NOMBRE DE PERSONNES 2 Total 120&#8364;',NULL,0,'','100',NULL,NULL,NULL,NULL,'120.00',NULL,'120.00','2020-02-22 11:01:56',NULL,'2020-02-22 05:31:56','2020-02-22 05:31:56'),(139,118,NULL,NULL,'Arrivée 01 Mars 2020 NOMBRE DE PERSONNES 2 Total 136&#8364;',NULL,0,'','100',NULL,NULL,NULL,NULL,'136.00',NULL,'136.00','2020-02-22 11:01:56',NULL,'2020-02-22 05:31:56','2020-02-22 05:31:56'),(140,119,NULL,NULL,'Arrivée 01 Mars 2020 NOMBRE DE PERSONNES 6 Total 408&#8364;',NULL,0,'','100',NULL,NULL,NULL,NULL,'408.00',NULL,'408.00','2020-02-22 11:01:56',NULL,'2020-02-22 05:31:56','2020-02-22 05:31:56'),(141,110,NULL,NULL,'Arrivée 23 Février 2020 NOMBRE DE PERSONNES 2 Price 178&#8364; Total 178&#8364;',NULL,0,'','100',NULL,NULL,NULL,NULL,'178.00',NULL,'178.00','2020-02-22 11:06:44',NULL,'2020-02-22 05:36:44','2020-02-22 05:36:44'),(142,111,NULL,NULL,'Arrivée 06 Mars 2020 NOMBRE DE PERSONNES 4 Total 240&#8364;',NULL,0,'','100',NULL,NULL,NULL,NULL,'240.00',NULL,'240.00','2020-02-22 11:06:44',NULL,'2020-02-22 05:36:44','2020-02-22 05:36:44'),(143,113,NULL,NULL,'Arrivée 23 Février 2020 NOMBRE DE PERSONNES 2 Total 238&#8364;',NULL,0,'','100',NULL,NULL,NULL,NULL,'238.00',NULL,'238.00','2020-02-22 11:06:44',NULL,'2020-02-22 05:36:44','2020-02-22 05:36:44'),(144,NULL,NULL,NULL,'Arrivée 23 Février 2020 NOMBRE DE PERSONNES 2 Price 178&#8364; Total 178&#8364;',NULL,0,'','100',NULL,NULL,NULL,NULL,'178.00',NULL,'178.00','2020-02-22 11:06:44',NULL,'2020-02-22 05:36:44','2020-02-22 05:36:44'),(145,NULL,NULL,NULL,'Arrivée 23 Février 2020 NOMBRE DE PERSONNES 2 Price 178&#8364; Total 178&#8364;',NULL,0,'','100',NULL,NULL,NULL,NULL,'178.00',NULL,'178.00','2020-02-22 11:06:44',NULL,'2020-02-22 05:36:44','2020-02-22 05:36:44'),(146,114,NULL,NULL,'Arrivée 23 Février 2020 NOMBRE DE PERSONNES 5 Total 300&#8364;',NULL,0,'','100',NULL,NULL,NULL,NULL,'300.00',NULL,'300.00','2020-02-22 11:06:44',NULL,'2020-02-22 05:36:44','2020-02-22 05:36:44'),(147,116,NULL,NULL,'Arrivée 06 Mars 2020 NOMBRE DE PERSONNES 5 Price 445&#8364; Total 445&#8364;',NULL,0,'','100',NULL,NULL,NULL,NULL,'445.00',NULL,'445.00','2020-02-22 11:06:44',NULL,'2020-02-22 05:36:44','2020-02-22 05:36:44'),(148,117,NULL,NULL,'Arrivée 07 Mars 2020 NOMBRE DE PERSONNES 2 Total 120&#8364;',NULL,0,'','100',NULL,NULL,NULL,NULL,'120.00',NULL,'120.00','2020-02-22 11:06:44',NULL,'2020-02-22 05:36:44','2020-02-22 05:36:44'),(149,110,NULL,NULL,'Arrivée 23 Février 2020 NOMBRE DE PERSONNES 2 Price 178&#8364; Total 178&#8364;',NULL,0,'','100',NULL,NULL,NULL,NULL,'178.00',NULL,'178.00','2020-02-22 11:33:11',NULL,'2020-02-22 06:03:11','2020-02-22 06:03:11'),(150,111,NULL,NULL,'Arrivée 06 Mars 2020 NOMBRE DE PERSONNES 4 Total 240&#8364;',NULL,0,'','100',NULL,NULL,NULL,NULL,'240.00',NULL,'240.00','2020-02-22 11:33:11',NULL,'2020-02-22 06:03:11','2020-02-22 06:03:11'),(151,113,NULL,NULL,'Arrivée 23 Février 2020 NOMBRE DE PERSONNES 2 Total 238&#8364;',NULL,0,'','100',NULL,NULL,NULL,NULL,'238.00',NULL,'238.00','2020-02-22 11:33:11',NULL,'2020-02-22 06:03:11','2020-02-22 06:03:11'),(152,120,NULL,NULL,'Arrivée 23 Février 2020 NOMBRE DE PERSONNES 2 Price 178&#8364; Total 178&#8364;',NULL,0,'','100',NULL,NULL,NULL,NULL,'178.00',NULL,'178.00','2020-02-22 11:33:11',NULL,'2020-02-22 06:03:11','2020-02-22 06:03:11'),(153,121,NULL,NULL,'Arrivée 23 Février 2020 NOMBRE DE PERSONNES 2 Price 178&#8364; Total 178&#8364;',NULL,0,'','100',NULL,NULL,NULL,NULL,'178.00',NULL,'178.00','2020-02-22 11:33:11',NULL,'2020-02-22 06:03:11','2020-02-22 06:03:11'),(154,114,NULL,NULL,'Arrivée 23 Février 2020 NOMBRE DE PERSONNES 5 Total 300&#8364;',NULL,0,'','100',NULL,NULL,NULL,NULL,'300.00',NULL,'300.00','2020-02-22 11:33:11',NULL,'2020-02-22 06:03:11','2020-02-22 06:03:11'),(155,116,NULL,NULL,'Arrivée 06 Mars 2020 NOMBRE DE PERSONNES 5 Price 445&#8364; Total 445&#8364;',NULL,0,'','100',NULL,NULL,NULL,NULL,'445.00',NULL,'445.00','2020-02-22 11:33:11',NULL,'2020-02-22 06:03:11','2020-02-22 06:03:11'),(156,117,NULL,NULL,'Arrivée 07 Mars 2020 NOMBRE DE PERSONNES 2 Total 120&#8364;',NULL,0,'','100',NULL,NULL,NULL,NULL,'120.00',NULL,'120.00','2020-02-22 11:33:11',NULL,'2020-02-22 06:03:11','2020-02-22 06:03:11'),(157,110,NULL,NULL,'Arrivée 23 Février 2020 NOMBRE DE PERSONNES 2 Price 178&#8364; Total 178&#8364;',NULL,0,'','100',NULL,NULL,NULL,NULL,'178.00',NULL,'178.00','2020-02-22 11:44:47',NULL,'2020-02-22 06:14:47','2020-02-22 06:14:47'),(158,111,NULL,NULL,'Arrivée 06 Mars 2020 NOMBRE DE PERSONNES 4 Total 240&#8364;',NULL,0,'','100',NULL,NULL,NULL,NULL,'240.00',NULL,'240.00','2020-02-22 11:44:47',NULL,'2020-02-22 06:14:47','2020-02-22 06:14:47'),(159,113,NULL,NULL,'Arrivée 23 Février 2020 NOMBRE DE PERSONNES 2 Total 238&#8364;',NULL,0,'','100',NULL,NULL,NULL,NULL,'238.00',NULL,'238.00','2020-02-22 11:44:47',NULL,'2020-02-22 06:14:47','2020-02-22 06:14:47'),(160,120,NULL,NULL,'Arrivée 23 Février 2020 NOMBRE DE PERSONNES 2 Price 178&#8364; Total 178&#8364;',NULL,0,'','100',NULL,NULL,NULL,NULL,'178.00',NULL,'178.00','2020-02-22 11:44:47',NULL,'2020-02-22 06:14:47','2020-02-22 06:14:47'),(161,121,NULL,NULL,'Arrivée 23 Février 2020 NOMBRE DE PERSONNES 2 Price 178&#8364; Total 178&#8364;',NULL,0,'','100',NULL,NULL,NULL,NULL,'178.00',NULL,'178.00','2020-02-22 11:44:47',NULL,'2020-02-22 06:14:47','2020-02-22 06:14:47'),(162,114,NULL,NULL,'Arrivée 23 Février 2020 NOMBRE DE PERSONNES 5 Total 300&#8364;',NULL,0,'','100',NULL,NULL,NULL,NULL,'300.00',NULL,'300.00','2020-02-22 11:44:47',NULL,'2020-02-22 06:14:47','2020-02-22 06:14:47'),(163,116,NULL,NULL,'Arrivée 06 Mars 2020 NOMBRE DE PERSONNES 5 Price 445&#8364; Total 445&#8364;',NULL,0,'','100',NULL,NULL,NULL,NULL,'445.00',NULL,'445.00','2020-02-22 11:44:47',NULL,'2020-02-22 06:14:47','2020-02-22 06:14:47'),(164,117,NULL,NULL,'Arrivée 07 Mars 2020 NOMBRE DE PERSONNES 2 Total 120&#8364;',NULL,0,'','100',NULL,NULL,NULL,NULL,'120.00',NULL,'120.00','2020-02-22 11:44:47',NULL,'2020-02-22 06:14:47','2020-02-22 06:14:47');
/*!40000 ALTER TABLE `event_line_items` ENABLE KEYS */;
UNLOCK TABLES;

--
-- Table structure for table `event_reservation`
--

DROP TABLE IF EXISTS `event_reservation`;
/*!40101 SET @saved_cs_client     = @@character_set_client */;
/*!50503 SET character_set_client = utf8mb4 */;
CREATE TABLE `event_reservation` (
  `event_reservation_id` int NOT NULL AUTO_INCREMENT,
  `reservation_via` varchar(255) DEFAULT NULL,
  `first_name` varchar(255) DEFAULT NULL,
  `last_name` varchar(255) DEFAULT NULL,
  `gender` varchar(255) DEFAULT NULL,
  `company_name` varchar(255) DEFAULT NULL,
  `phone` varchar(255) DEFAULT NULL,
  `email` varchar(255) DEFAULT NULL,
  `fax` varchar(255) DEFAULT NULL,
  `address` varchar(255) DEFAULT NULL,
  `city` varchar(255) DEFAULT NULL,
  `postal_code` varchar(255) DEFAULT NULL,
  `event_addons` int DEFAULT NULL,
  `promo_code` varchar(255) DEFAULT NULL,
  `reservation_notes` text,
  `total_number_of_person` varchar(255) DEFAULT '1',
  `total_tax` varchar(255) DEFAULT '0',
  `tax_amount` varchar(255) DEFAULT '0',
  `total_discount` varchar(255) DEFAULT '0',
  `remaining_amt` int DEFAULT NULL,
  `pay_amt` int DEFAULT NULL,
  `reservation_total` varchar(255) DEFAULT NULL,
  `comment` varchar(255) DEFAULT NULL,
  `payment_status` int DEFAULT '0' COMMENT '0= pending, 1=closed',
  `reservation_confirmed_status` varchar(255) DEFAULT NULL,
  `status` int NOT NULL DEFAULT '0' COMMENT '0 = active , 1 = inactive',
  `reservation_date` varchar(255) DEFAULT NULL,
  `created_at` datetime DEFAULT CURRENT_TIMESTAMP,
  `modified_date` datetime DEFAULT NULL,
  `reservation_id` int DEFAULT NULL,
  `updated_at` datetime DEFAULT CURRENT_TIMESTAMP,
  PRIMARY KEY (`event_reservation_id`)
) ENGINE=InnoDB AUTO_INCREMENT=122 DEFAULT CHARSET=latin1;
/*!40101 SET character_set_client = @saved_cs_client */;

--
-- Dumping data for table `event_reservation`
--

LOCK TABLES `event_reservation` WRITE;
/*!40000 ALTER TABLE `event_reservation` DISABLE KEYS */;
INSERT INTO `event_reservation` VALUES (17,'offline','DENOITTE',NULL,'Monsieur',NULL,'783711208','denoitte@artishow.in',NULL,'France',NULL,'11',NULL,NULL,'INV MAXI','2','0','0','0',NULL,NULL,NULL,NULL,0,'true',0,'2020-01-21','2020-01-21 17:05:52',NULL,NULL,NULL),(18,'offline','AVIS VOLTAIRE',NULL,'Monsieur',NULL,'143489950','avis@artishow.com',NULL,'France',NULL,'111',NULL,NULL,'Alain','11','0','0','0',NULL,NULL,NULL,NULL,0,'true',0,'2020-01-21','2020-01-21 17:08:51',NULL,NULL,NULL),(19,'offline','EYCHENNE',NULL,'Monsieur',NULL,'111','eychenne@artishow.com',NULL,'France',NULL,'111',NULL,NULL,'TKT 89','2','0','0','0',NULL,NULL,NULL,NULL,0,'true',0,'2020-01-21','2020-01-21 17:10:43',NULL,NULL,NULL),(20,'offline','DE VITI',NULL,'Monsieur',NULL,'663560870','deviti@artishow.com',NULL,'France',NULL,'111',NULL,NULL,NULL,'2','0','0','0',NULL,NULL,NULL,NULL,0,'true',0,'2020-01-21','2020-01-21 17:20:35',NULL,NULL,NULL),(21,'offline','GIRARDEAU',NULL,'Monsieur',NULL,'677140056','a@artishow.com',NULL,'France',NULL,'111',NULL,NULL,NULL,'2','0','0','0',NULL,NULL,NULL,NULL,0,'true',0,'2020-01-21','2020-01-21 17:22:30',NULL,NULL,NULL),(22,'offline','Yves','MONTMOR','Monsieur','NDC','00000000','ymontmorency@gmail.com',NULL,'ETETTT','MONTEVRAIN','77144',NULL,NULL,'TET','90','0','0','0',NULL,NULL,NULL,NULL,0,'true',0,'2020-01-27','2020-01-27 21:19:11',NULL,NULL,NULL),(23,'offline','Midi','Midi','Monsieur','Midi','988217261','midi@coralmint.in',NULL,'Midi','Midi','123112',NULL,NULL,NULL,'2','0','0','0',NULL,NULL,NULL,NULL,0,'true',0,'2020-02-13','2020-02-06 05:10:17',NULL,NULL,NULL),(24,'offline','soir','soir','Monsieur','soir','123456789','soir@coralmint.in',NULL,'soir','soir','123123',NULL,NULL,'sd','2','0','0','0',NULL,NULL,NULL,NULL,0,'true',0,'2020-02-07','2020-02-06 05:12:59',NULL,NULL,NULL),(25,'offline','vinoth','CMT-test','Monsieur','10','09500700240','vinoth@coralmint.in','fax0011','pondy','paris','605005',NULL,NULL,NULL,NULL,'0','0','0',NULL,NULL,NULL,NULL,0,'false',0,'2020-02-14','2020-02-11 17:13:14','2020-02-13 01:08:27',NULL,NULL),(26,'offline','Club Animation','Club Animation & Loisirs du Montaigut (C.A.L.M)','Monsieur','Club Animation','9876543210','ClubAnimation@coralmint.in',NULL,'Club Animation',NULL,'212',NULL,NULL,'RECU CHQ ACOMPTE 945 € LE 09/01','50','0','0','0',NULL,NULL,NULL,NULL,0,'true',0,'2020-02-13','2020-02-13 09:05:05',NULL,NULL,NULL),(27,'offline','UNI','UNI LOISIRS','Monsieur',NULL,'09 60 42 43 40','UNILOISIRS@coralmint.in',NULL,'FRANCe',NULL,'321564',NULL,NULL,NULL,'20','0','0','0',NULL,NULL,NULL,NULL,0,'false',0,'2020-02-13','2020-02-13 09:08:42',NULL,NULL,NULL),(28,'offline','Yohan','Courteaud','Monsieur',NULL,'0686894956','Yohan.artishowcabaret@gmail.com',NULL,'3 cite Souzy','Paris','75011',NULL,NULL,NULL,'2','0','0','0',NULL,NULL,NULL,NULL,0,'false',0,'2020-02-14','2020-02-14 16:13:16',NULL,NULL,NULL),(29,'offline','pascal',NULL,'Monsieur',NULL,'0686894956','pyxprod@gmail.com',NULL,'vgjudrtgxhcfgvjvfc','dieue','55320',NULL,NULL,NULL,'2','0','0','0',NULL,NULL,NULL,NULL,0,'false',0,'2020-02-15','2020-02-15 15:38:16',NULL,NULL,NULL),(30,'offline','Frederic','Hemmert','Monsieur',NULL,'0611052889','frederichemmert@hotmail.com',NULL,'36 rue de wattignies','PARIS','75012',NULL,NULL,NULL,'1','0','0','0',NULL,NULL,NULL,NULL,0,'false',0,'2020-02-19','2020-02-18 18:18:02',NULL,NULL,NULL),(31,'offline','Samar','EL Hassani','Madame',NULL,'0618881368','samar.elhassani@gmail.com',NULL,'181 bd voltaire',NULL,'75011',NULL,NULL,NULL,'2','0','0','0',NULL,NULL,NULL,NULL,0,'false',0,'2020-02-19','2020-02-18 18:32:15',NULL,NULL,NULL),(32,'offline','Olivier','Liebaert','Monsieur',NULL,'0632509873','liebaert.olivier@hotmail.fr',NULL,'2 Rue Henry henno','Chambly','60230',NULL,NULL,NULL,'1','0','0','0',NULL,NULL,NULL,NULL,0,'false',0,'2020-02-19','2020-02-18 18:41:03',NULL,NULL,NULL),(33,'offline','Corine','Pike','Monsieur',NULL,'0663277736','corine.pike@laposte.net',NULL,'87 rue Pelleport','PARIS','75020',NULL,NULL,NULL,'1','0','0','0',NULL,NULL,NULL,NULL,0,'false',0,'2020-02-19','2020-02-18 18:51:49',NULL,NULL,NULL),(34,'offline','YOHAN','COURTEAUD','Madame','PYX PROD ARTISHOW CABARET','0686894956','yohan.artishowcabaret@gmail.com',NULL,'3 Cité Souzy\nARTISHOW CABARET','75011 - PARIS 11','75011',NULL,NULL,NULL,'2','0','0','0',NULL,NULL,NULL,NULL,0,'false',0,'2020-02-19','2020-02-19 14:19:40',NULL,NULL,NULL),(35,'offline','ggggggggggggg','gggggggggggggg','Monsieur','ggggggggggggggg','00000000000','ggggg@gmail.com',NULL,'gggggggggg','ggggggggggggggg','77777',NULL,NULL,NULL,'10','0','0','0',NULL,NULL,NULL,NULL,0,'false',0,'2020-02-26','2020-02-19 15:03:27',NULL,NULL,NULL),(110,'online','yves','de coninck','','','0667393898','yves.deconinck.consulting@gmail.com',NULL,'3 place de la libération, , merville, , 59660, 59660',NULL,NULL,NULL,'','','1','0.00','178.00','0.00',NULL,NULL,NULL,NULL,0,'completed',1,'2020-02-21','2020-02-22 05:23:16',NULL,15031,'2020-02-22 05:23:16'),(111,'online','PAULINE','BOUTON','','','0603861886','PAULINE.BOUTONP@GMAIL.COM',NULL,'429 RUE GABRIEL PERI, , COLOMBES, , 92700, 92700',NULL,NULL,NULL,'','','1','0.00','240.00','0.00',NULL,NULL,NULL,NULL,0,'completed',1,'2020-02-21','2020-02-22 05:23:16',NULL,15025,'2020-02-22 05:23:16'),(112,'online','DENIS','CASTEL','','','0607901978','deniscinquante@gmail.com',NULL,'6 RUE DU BUIS, , CHAVIGNY BAILLEUL, , 27220, 27220',NULL,NULL,NULL,'','','1','0.00','15.00','0.00',NULL,NULL,NULL,NULL,0,'completed',1,'2020-02-21','2020-02-22 05:23:16',NULL,15012,'2020-02-22 05:23:16'),(113,'online','Davy','Even','','','0658163409','evendavy56@gmail.com',NULL,'12 Rue des Tisserands, , Brandérion, , 56700, 56700',NULL,NULL,NULL,'','','1','0.00','238.00','0.00',NULL,NULL,NULL,NULL,0,'completed',1,'2020-02-20','2020-02-22 05:23:16',NULL,14839,'2020-02-22 05:23:16'),(114,'online','Rémi','Le Breton','','','0670525306','sevrem@wanadoo.fr',NULL,'13, rue Du Guesclin, , Lorient, , 56100, 56100',NULL,NULL,NULL,'','','1','0.00','300.00','0.00',NULL,NULL,NULL,NULL,0,'completed',1,'2020-02-18','2020-02-22 05:23:16',NULL,14737,'2020-02-22 05:23:16'),(115,'online','Marc','MEZGER','','','611766177','marc.mezger@free.fr',NULL,'6 rue du Fort, Résidence Coté-Ville, Palaiseau, , 91120, 91120',NULL,NULL,NULL,'','','1','0.00','30.00','0.00',NULL,NULL,NULL,NULL,0,'completed',1,'2020-02-18','2020-02-22 05:23:16',NULL,14713,'2020-02-22 05:23:16'),(116,'online','Frederic','Hemmert','','','0611052889','frederichemmert@hotmail.com',NULL,'36 rue de wattignies, , PARIS, , 75012, 75012',NULL,NULL,NULL,'','','1','0.00','445.00','0.00',NULL,NULL,NULL,NULL,0,'completed',1,'2020-02-16','2020-02-22 05:23:16',NULL,14595,'2020-02-22 05:23:16'),(117,'online','Samar','EL Hassani','','','0618881368','samar.elhassani@gmail.com',NULL,'181 bd voltaire, , Paris, , 75011, 75011',NULL,NULL,NULL,'','','1','0.00','120.00','0.00',NULL,NULL,NULL,NULL,0,'completed',1,'2020-02-16','2020-02-22 05:23:16',NULL,14546,'2020-02-22 05:23:16'),(118,'online','Olivier','Liebaert','','','0632509873','liebaert.olivier@hotmail.fr',NULL,'2, Rue Henry henno, Chambly, , 60230, 60230',NULL,NULL,NULL,'','','1','0.00','136.00','0.00',NULL,NULL,NULL,NULL,0,'completed',1,'2020-02-15','2020-02-22 05:23:16',NULL,14385,'2020-02-22 05:23:16'),(119,'online','Corine','Pike','','','0663277736','corine.pike@laposte.net',NULL,'87 rue Pelleport, , PARIS, , 75020, 75020',NULL,NULL,NULL,'','','1','0.00','408.00','0.00',NULL,NULL,NULL,NULL,0,'completed',1,'2020-02-15','2020-02-22 05:23:16',NULL,14378,'2020-02-22 05:23:16'),(120,'online','Yves','De Coninck','','','0681447968','yves.deconinck.avocat@gmail.com',NULL,'3 place de la libération, , Merville - FRANCE, , 59660, 59660',NULL,NULL,NULL,'','','1','0.00','178.00','0.00',NULL,NULL,NULL,NULL,0,'failed',1,'2020-02-20','2020-02-22 05:36:44',NULL,14835,'2020-02-22 05:36:44'),(121,'online','Yves','De Coninck','','','0667393898','yves.deconinck.avocat@gmail.com',NULL,'3 place de la libération, , Merville - FRANCE, , 59660, 59660',NULL,NULL,NULL,'','','1','0.00','178.00','0.00',NULL,NULL,NULL,NULL,0,'failed',1,'2020-02-20','2020-02-22 05:36:44',NULL,14830,'2020-02-22 05:36:44');
/*!40000 ALTER TABLE `event_reservation` ENABLE KEYS */;
UNLOCK TABLES;

--
-- Table structure for table `event_show_dates`
--

DROP TABLE IF EXISTS `event_show_dates`;
/*!40101 SET @saved_cs_client     = @@character_set_client */;
/*!50503 SET character_set_client = utf8mb4 */;
CREATE TABLE `event_show_dates` (
  `event_show_date_id` int NOT NULL AUTO_INCREMENT,
  `event_id` int DEFAULT NULL,
  `show_date` varchar(255) DEFAULT NULL,
  `status` int DEFAULT '0',
  `created_date` datetime NOT NULL DEFAULT CURRENT_TIMESTAMP,
  `modified_date` datetime DEFAULT NULL,
  PRIMARY KEY (`event_show_date_id`)
) ENGINE=InnoDB AUTO_INCREMENT=537 DEFAULT CHARSET=latin1;
/*!40101 SET character_set_client = @saved_cs_client */;

--
-- Dumping data for table `event_show_dates`
--

LOCK TABLES `event_show_dates` WRITE;
/*!40000 ALTER TABLE `event_show_dates` DISABLE KEYS */;
INSERT INTO `event_show_dates` VALUES (140,26,'23-01-2020',0,'2020-01-21 16:42:39',NULL),(141,26,'25-01-2020',0,'2020-01-21 16:42:39',NULL),(142,26,'30-01-2020',0,'2020-01-21 16:42:39',NULL),(143,26,'31-01-2020',0,'2020-01-21 16:42:39',NULL),(144,26,'01-02-2020',0,'2020-01-21 16:42:39',NULL),(145,26,'03-02-2020',0,'2020-01-21 16:42:39',NULL),(146,26,'04-02-2020',0,'2020-01-21 16:42:39',NULL),(147,26,'05-02-2020',0,'2020-01-21 16:42:39',NULL),(148,26,'06-02-2020',0,'2020-01-21 16:42:39',NULL),(149,26,'24-01-2020',0,'2020-01-21 16:42:39',NULL),(150,26,'05-03-2020',0,'2020-01-21 16:42:39',NULL),(151,26,'06-03-2020',0,'2020-01-21 16:42:39',NULL),(152,26,'07-03-2020',0,'2020-01-21 16:42:39',NULL),(153,26,'12-03-2020',0,'2020-01-21 16:42:39',NULL),(154,26,'13-03-2020',0,'2020-01-21 16:42:39',NULL),(155,26,'14-03-2020',0,'2020-01-21 16:42:39',NULL),(156,26,'19-03-2020',0,'2020-01-21 16:42:39',NULL),(157,26,'20-03-2020',0,'2020-01-21 16:42:39',NULL),(158,26,'21-03-2020',0,'2020-01-21 16:42:39',NULL),(159,26,'26-03-2020',0,'2020-01-21 16:42:39',NULL),(160,26,'27-03-2020',0,'2020-01-21 16:42:39',NULL),(161,26,'28-03-2020',0,'2020-01-21 16:42:39',NULL),(170,28,'24-01-2020',0,'2020-01-21 17:00:55',NULL),(171,28,'25-01-2020',0,'2020-01-21 17:00:55',NULL),(172,28,'26-01-2020',0,'2020-01-21 17:00:55',NULL),(173,28,'31-01-2020',0,'2020-01-21 17:00:55',NULL),(174,28,'01-02-2020',0,'2020-01-21 17:00:55',NULL),(175,28,'02-02-2020',0,'2020-01-21 17:00:55',NULL),(176,28,'07-02-2020',0,'2020-01-21 17:00:55',NULL),(177,28,'08-02-2020',0,'2020-01-21 17:00:55',NULL),(178,28,'09-02-2020',0,'2020-01-21 17:00:55',NULL),(179,28,'14-02-2020',0,'2020-01-21 17:00:55',NULL),(180,28,'15-02-2020',0,'2020-01-21 17:00:55',NULL),(181,28,'16-02-2020',0,'2020-01-21 17:00:55',NULL),(182,28,'21-02-2020',0,'2020-01-21 17:00:55',NULL),(183,28,'22-02-2020',0,'2020-01-21 17:00:55',NULL),(184,28,'23-02-2020',0,'2020-01-21 17:00:55',NULL),(185,28,'28-02-2020',0,'2020-01-21 17:00:55',NULL),(186,28,'01-03-2020',0,'2020-01-21 17:00:55',NULL),(187,28,'06-03-2020',0,'2020-01-21 17:00:55',NULL),(188,28,'29-02-2020',0,'2020-01-21 17:00:55',NULL),(189,28,'07-03-2020',0,'2020-01-21 17:00:55',NULL),(190,29,'24-01-2020',0,'2020-01-21 17:13:22',NULL),(191,29,'25-01-2020',0,'2020-01-21 17:13:22',NULL),(192,29,'26-01-2020',0,'2020-01-21 17:13:22',NULL),(193,29,'31-01-2020',0,'2020-01-21 17:13:22',NULL),(194,29,'01-02-2020',0,'2020-01-21 17:13:22',NULL),(195,29,'02-02-2020',0,'2020-01-21 17:13:22',NULL),(196,29,'07-02-2020',0,'2020-01-21 17:13:22',NULL),(197,29,'08-02-2020',0,'2020-01-21 17:13:22',NULL),(198,29,'09-02-2020',0,'2020-01-21 17:13:22',NULL),(199,29,'14-02-2020',0,'2020-01-21 17:13:22',NULL),(200,29,'15-02-2020',0,'2020-01-21 17:13:22',NULL),(201,29,'16-02-2020',0,'2020-01-21 17:13:22',NULL),(202,29,'21-02-2020',0,'2020-01-21 17:13:22',NULL),(203,29,'22-02-2020',0,'2020-01-21 17:13:22',NULL),(204,29,'23-02-2020',0,'2020-01-21 17:13:22',NULL),(205,30,'14-02-2020',0,'2020-01-21 17:15:44',NULL),(206,31,'24-01-2020',0,'2020-01-22 12:44:21',NULL),(207,31,'26-01-2020',0,'2020-01-22 12:44:21',NULL),(208,31,'25-01-2020',0,'2020-01-22 12:44:21',NULL),(209,31,'31-01-2020',0,'2020-01-22 12:44:21',NULL),(210,31,'02-02-2020',0,'2020-01-22 12:44:21',NULL),(211,31,'16-02-2020',0,'2020-01-22 12:44:21',NULL),(212,31,'23-02-2020',0,'2020-01-22 12:44:21',NULL),(213,31,'09-02-2020',0,'2020-01-22 12:44:21',NULL),(214,31,'14-02-2020',0,'2020-01-22 12:44:21',NULL),(215,31,'07-02-2020',0,'2020-01-22 12:44:21',NULL),(216,31,'21-02-2020',0,'2020-01-22 12:44:21',NULL),(217,31,'28-02-2020',0,'2020-01-22 12:44:21',NULL),(218,31,'29-02-2020',0,'2020-01-22 12:44:21',NULL),(219,31,'22-02-2020',0,'2020-01-22 12:44:21',NULL),(220,31,'15-02-2020',0,'2020-01-22 12:44:21',NULL),(221,31,'08-02-2020',0,'2020-01-22 12:44:21',NULL),(222,31,'01-02-2020',0,'2020-01-22 12:44:21',NULL),(223,31,'01-03-2020',0,'2020-01-22 12:44:21',NULL),(224,31,'08-03-2020',0,'2020-01-22 12:44:21',NULL),(225,31,'15-03-2020',0,'2020-01-22 12:44:21',NULL),(226,31,'22-03-2020',0,'2020-01-22 12:44:21',NULL),(227,31,'29-03-2020',0,'2020-01-22 12:44:21',NULL),(228,31,'27-03-2020',0,'2020-01-22 12:44:21',NULL),(229,31,'28-03-2020',0,'2020-01-22 12:44:21',NULL),(230,31,'21-03-2020',0,'2020-01-22 12:44:21',NULL),(231,31,'20-03-2020',0,'2020-01-22 12:44:21',NULL),(232,31,'13-03-2020',0,'2020-01-22 12:44:21',NULL),(233,31,'06-03-2020',0,'2020-01-22 12:44:21',NULL),(234,31,'07-03-2020',0,'2020-01-22 12:44:21',NULL),(235,31,'14-03-2020',0,'2020-01-22 12:44:21',NULL),(266,32,'26-01-2020',0,'2020-01-22 12:47:01',NULL),(267,32,'24-01-2020',0,'2020-01-22 12:47:01',NULL),(268,32,'25-01-2020',0,'2020-01-22 12:47:01',NULL),(269,32,'31-01-2020',0,'2020-01-22 12:47:01',NULL),(270,32,'02-02-2020',0,'2020-01-22 12:47:01',NULL),(271,32,'09-02-2020',0,'2020-01-22 12:47:01',NULL),(272,32,'16-02-2020',0,'2020-01-22 12:47:01',NULL),(273,32,'23-02-2020',0,'2020-01-22 12:47:01',NULL),(274,32,'28-02-2020',0,'2020-01-22 12:47:01',NULL),(275,32,'21-02-2020',0,'2020-01-22 12:47:01',NULL),(276,32,'14-02-2020',0,'2020-01-22 12:47:01',NULL),(277,32,'07-02-2020',0,'2020-01-22 12:47:01',NULL),(278,32,'01-02-2020',0,'2020-01-22 12:47:01',NULL),(279,32,'08-02-2020',0,'2020-01-22 12:47:01',NULL),(280,32,'15-02-2020',0,'2020-01-22 12:47:01',NULL),(281,32,'22-02-2020',0,'2020-01-22 12:47:01',NULL),(282,32,'29-02-2020',0,'2020-01-22 12:47:01',NULL),(283,32,'01-03-2020',0,'2020-01-22 12:47:01',NULL),(284,32,'08-03-2020',0,'2020-01-22 12:47:01',NULL),(285,32,'15-03-2020',0,'2020-01-22 12:47:01',NULL),(286,32,'22-03-2020',0,'2020-01-22 12:47:01',NULL),(287,32,'29-03-2020',0,'2020-01-22 12:47:01',NULL),(288,32,'27-03-2020',0,'2020-01-22 12:47:01',NULL),(289,32,'28-03-2020',0,'2020-01-22 12:47:01',NULL),(290,32,'21-03-2020',0,'2020-01-22 12:47:01',NULL),(291,32,'13-03-2020',0,'2020-01-22 12:47:01',NULL),(292,32,'06-03-2020',0,'2020-01-22 12:47:01',NULL),(293,32,'07-03-2020',0,'2020-01-22 12:47:01',NULL),(294,32,'14-03-2020',0,'2020-01-22 12:47:01',NULL),(295,32,'20-03-2020',0,'2020-01-22 12:47:01',NULL),(296,33,'24-01-2020',0,'2020-01-22 12:49:41',NULL),(297,33,'31-01-2020',0,'2020-01-22 12:49:41',NULL),(298,33,'25-01-2020',0,'2020-01-22 12:49:41',NULL),(299,33,'26-01-2020',0,'2020-01-22 12:49:41',NULL),(300,33,'02-02-2020',0,'2020-01-22 12:49:41',NULL),(301,33,'09-02-2020',0,'2020-01-22 12:49:41',NULL),(302,33,'16-02-2020',0,'2020-01-22 12:49:41',NULL),(303,33,'23-02-2020',0,'2020-01-22 12:49:41',NULL),(304,33,'28-02-2020',0,'2020-01-22 12:49:41',NULL),(305,33,'29-02-2020',0,'2020-01-22 12:49:41',NULL),(306,33,'22-02-2020',0,'2020-01-22 12:49:41',NULL),(307,33,'21-02-2020',0,'2020-01-22 12:49:41',NULL),(308,33,'14-02-2020',0,'2020-01-22 12:49:41',NULL),(309,33,'07-02-2020',0,'2020-01-22 12:49:41',NULL),(310,33,'01-02-2020',0,'2020-01-22 12:49:41',NULL),(311,33,'08-02-2020',0,'2020-01-22 12:49:41',NULL),(312,33,'15-02-2020',0,'2020-01-22 12:49:41',NULL),(313,33,'07-03-2020',0,'2020-01-22 12:49:41',NULL),(314,33,'14-03-2020',0,'2020-01-22 12:49:41',NULL),(315,33,'21-03-2020',0,'2020-01-22 12:49:41',NULL),(316,33,'28-03-2020',0,'2020-01-22 12:49:41',NULL),(317,33,'27-03-2020',0,'2020-01-22 12:49:41',NULL),(318,33,'20-03-2020',0,'2020-01-22 12:49:41',NULL),(319,33,'13-03-2020',0,'2020-01-22 12:49:41',NULL),(320,33,'06-03-2020',0,'2020-01-22 12:49:41',NULL),(321,33,'01-03-2020',0,'2020-01-22 12:49:41',NULL),(322,33,'08-03-2020',0,'2020-01-22 12:49:41',NULL),(323,33,'22-03-2020',0,'2020-01-22 12:49:41',NULL),(324,33,'29-03-2020',0,'2020-01-22 12:49:41',NULL),(325,33,'15-03-2020',0,'2020-01-22 12:49:41',NULL),(326,34,'24-01-2020',0,'2020-01-22 12:51:32',NULL),(327,34,'31-01-2020',0,'2020-01-22 12:51:32',NULL),(328,34,'25-01-2020',0,'2020-01-22 12:51:32',NULL),(329,34,'26-01-2020',0,'2020-01-22 12:51:32',NULL),(330,34,'02-02-2020',0,'2020-01-22 12:51:32',NULL),(331,34,'09-02-2020',0,'2020-01-22 12:51:32',NULL),(332,34,'16-02-2020',0,'2020-01-22 12:51:32',NULL),(333,34,'23-02-2020',0,'2020-01-22 12:51:32',NULL),(334,34,'28-02-2020',0,'2020-01-22 12:51:32',NULL),(335,34,'29-02-2020',0,'2020-01-22 12:51:32',NULL),(336,34,'22-02-2020',0,'2020-01-22 12:51:32',NULL),(337,34,'21-02-2020',0,'2020-01-22 12:51:32',NULL),(338,34,'14-02-2020',0,'2020-01-22 12:51:32',NULL),(339,34,'07-02-2020',0,'2020-01-22 12:51:32',NULL),(340,34,'01-02-2020',0,'2020-01-22 12:51:32',NULL),(341,34,'08-02-2020',0,'2020-01-22 12:51:32',NULL),(342,34,'15-02-2020',0,'2020-01-22 12:51:32',NULL),(343,34,'07-03-2020',0,'2020-01-22 12:51:32',NULL),(344,34,'21-03-2020',0,'2020-01-22 12:51:32',NULL),(345,34,'28-03-2020',0,'2020-01-22 12:51:32',NULL),(346,34,'27-03-2020',0,'2020-01-22 12:51:32',NULL),(347,34,'20-03-2020',0,'2020-01-22 12:51:32',NULL),(348,34,'13-03-2020',0,'2020-01-22 12:51:32',NULL),(349,34,'06-03-2020',0,'2020-01-22 12:51:32',NULL),(350,34,'01-03-2020',0,'2020-01-22 12:51:32',NULL),(351,34,'08-03-2020',0,'2020-01-22 12:51:32',NULL),(352,34,'22-03-2020',0,'2020-01-22 12:51:32',NULL),(353,34,'29-03-2020',0,'2020-01-22 12:51:32',NULL),(354,34,'15-03-2020',0,'2020-01-22 12:51:32',NULL),(355,34,'14-03-2020',0,'2020-01-22 12:51:32',NULL),(356,35,'24-01-2020',0,'2020-01-22 12:56:03',NULL),(357,35,'31-01-2020',0,'2020-01-22 12:56:03',NULL),(358,35,'25-01-2020',0,'2020-01-22 12:56:03',NULL),(359,35,'26-01-2020',0,'2020-01-22 12:56:03',NULL),(360,35,'02-02-2020',0,'2020-01-22 12:56:03',NULL),(361,35,'09-02-2020',0,'2020-01-22 12:56:03',NULL),(362,35,'16-02-2020',0,'2020-01-22 12:56:03',NULL),(363,35,'23-02-2020',0,'2020-01-22 12:56:03',NULL),(364,35,'28-02-2020',0,'2020-01-22 12:56:03',NULL),(365,35,'29-02-2020',0,'2020-01-22 12:56:03',NULL),(366,35,'22-02-2020',0,'2020-01-22 12:56:03',NULL),(367,35,'21-02-2020',0,'2020-01-22 12:56:03',NULL),(368,35,'14-02-2020',0,'2020-01-22 12:56:03',NULL),(369,35,'15-02-2020',0,'2020-01-22 12:56:03',NULL),(370,35,'08-02-2020',0,'2020-01-22 12:56:03',NULL),(371,35,'07-02-2020',0,'2020-01-22 12:56:03',NULL),(372,35,'01-02-2020',0,'2020-01-22 12:56:03',NULL),(373,35,'07-03-2020',0,'2020-01-22 12:56:03',NULL),(374,35,'06-03-2020',0,'2020-01-22 12:56:03',NULL),(375,35,'13-03-2020',0,'2020-01-22 12:56:03',NULL),(376,35,'14-03-2020',0,'2020-01-22 12:56:03',NULL),(377,35,'21-03-2020',0,'2020-01-22 12:56:03',NULL),(378,35,'28-03-2020',0,'2020-01-22 12:56:03',NULL),(379,35,'27-03-2020',0,'2020-01-22 12:56:03',NULL),(380,35,'20-03-2020',0,'2020-01-22 12:56:03',NULL),(381,35,'29-03-2020',0,'2020-01-22 12:56:03',NULL),(382,35,'15-03-2020',0,'2020-01-22 12:56:03',NULL),(383,35,'08-03-2020',0,'2020-01-22 12:56:03',NULL),(384,35,'01-03-2020',0,'2020-01-22 12:56:03',NULL),(385,35,'22-03-2020',0,'2020-01-22 12:56:03',NULL),(386,36,'25-01-2020',0,'2020-01-22 12:58:15',NULL),(387,36,'24-01-2020',0,'2020-01-22 12:58:15',NULL),(388,36,'31-01-2020',0,'2020-01-22 12:58:15',NULL),(389,36,'26-01-2020',0,'2020-01-22 12:58:15',NULL),(390,36,'01-02-2020',0,'2020-01-22 12:58:15',NULL),(391,36,'08-02-2020',0,'2020-01-22 12:58:15',NULL),(392,36,'15-02-2020',0,'2020-01-22 12:58:15',NULL),(393,36,'22-02-2020',0,'2020-01-22 12:58:15',NULL),(394,36,'29-02-2020',0,'2020-01-22 12:58:15',NULL),(395,36,'28-02-2020',0,'2020-01-22 12:58:15',NULL),(396,36,'21-02-2020',0,'2020-01-22 12:58:15',NULL),(397,36,'14-02-2020',0,'2020-01-22 12:58:15',NULL),(398,36,'07-02-2020',0,'2020-01-22 12:58:15',NULL),(399,36,'02-02-2020',0,'2020-01-22 12:58:15',NULL),(400,36,'09-02-2020',0,'2020-01-22 12:58:15',NULL),(401,36,'16-02-2020',0,'2020-01-22 12:58:15',NULL),(402,36,'23-02-2020',0,'2020-01-22 12:58:15',NULL),(403,36,'01-03-2020',0,'2020-01-22 12:58:15',NULL),(404,36,'08-03-2020',0,'2020-01-22 12:58:15',NULL),(405,36,'15-03-2020',0,'2020-01-22 12:58:15',NULL),(406,36,'22-03-2020',0,'2020-01-22 12:58:15',NULL),(407,36,'29-03-2020',0,'2020-01-22 12:58:15',NULL),(408,36,'28-03-2020',0,'2020-01-22 12:58:15',NULL),(409,36,'27-03-2020',0,'2020-01-22 12:58:15',NULL),(410,36,'20-03-2020',0,'2020-01-22 12:58:15',NULL),(411,36,'21-03-2020',0,'2020-01-22 12:58:15',NULL),(412,36,'14-03-2020',0,'2020-01-22 12:58:15',NULL),(413,36,'13-03-2020',0,'2020-01-22 12:58:15',NULL),(414,36,'06-03-2020',0,'2020-01-22 12:58:15',NULL),(415,36,'07-03-2020',0,'2020-01-22 12:58:15',NULL),(416,37,'25-01-2020',0,'2020-01-22 12:59:57',NULL),(417,37,'24-01-2020',0,'2020-01-22 12:59:57',NULL),(418,37,'31-01-2020',0,'2020-01-22 12:59:57',NULL),(419,37,'26-01-2020',0,'2020-01-22 12:59:57',NULL),(420,37,'01-02-2020',0,'2020-01-22 12:59:57',NULL),(421,37,'08-02-2020',0,'2020-01-22 12:59:57',NULL),(422,37,'15-02-2020',0,'2020-01-22 12:59:57',NULL),(423,37,'22-02-2020',0,'2020-01-22 12:59:57',NULL),(424,37,'29-02-2020',0,'2020-01-22 12:59:57',NULL),(425,37,'28-02-2020',0,'2020-01-22 12:59:57',NULL),(426,37,'21-02-2020',0,'2020-01-22 12:59:57',NULL),(427,37,'14-02-2020',0,'2020-01-22 12:59:57',NULL),(428,37,'07-02-2020',0,'2020-01-22 12:59:57',NULL),(429,37,'02-02-2020',0,'2020-01-22 12:59:57',NULL),(430,37,'09-02-2020',0,'2020-01-22 12:59:57',NULL),(431,37,'16-02-2020',0,'2020-01-22 12:59:57',NULL),(432,37,'23-02-2020',0,'2020-01-22 12:59:57',NULL),(433,37,'01-03-2020',0,'2020-01-22 12:59:57',NULL),(434,37,'08-03-2020',0,'2020-01-22 12:59:57',NULL),(435,37,'15-03-2020',0,'2020-01-22 12:59:57',NULL),(436,37,'22-03-2020',0,'2020-01-22 12:59:57',NULL),(437,37,'29-03-2020',0,'2020-01-22 12:59:57',NULL),(438,37,'28-03-2020',0,'2020-01-22 12:59:57',NULL),(439,37,'27-03-2020',0,'2020-01-22 12:59:57',NULL),(440,37,'20-03-2020',0,'2020-01-22 12:59:57',NULL),(441,37,'21-03-2020',0,'2020-01-22 12:59:57',NULL),(442,37,'13-03-2020',0,'2020-01-22 12:59:57',NULL),(443,37,'06-03-2020',0,'2020-01-22 12:59:57',NULL),(444,37,'07-03-2020',0,'2020-01-22 12:59:57',NULL),(445,37,'14-03-2020',0,'2020-01-22 12:59:57',NULL),(446,38,'25-01-2020',0,'2020-01-22 13:01:22',NULL),(447,38,'24-01-2020',0,'2020-01-22 13:01:22',NULL),(448,38,'31-01-2020',0,'2020-01-22 13:01:22',NULL),(449,38,'26-01-2020',0,'2020-01-22 13:01:22',NULL),(450,38,'01-02-2020',0,'2020-01-22 13:01:22',NULL),(451,38,'08-02-2020',0,'2020-01-22 13:01:22',NULL),(452,38,'15-02-2020',0,'2020-01-22 13:01:22',NULL),(453,38,'22-02-2020',0,'2020-01-22 13:01:22',NULL),(454,38,'29-02-2020',0,'2020-01-22 13:01:22',NULL),(455,38,'28-02-2020',0,'2020-01-22 13:01:22',NULL),(456,38,'21-02-2020',0,'2020-01-22 13:01:22',NULL),(457,38,'14-02-2020',0,'2020-01-22 13:01:22',NULL),(458,38,'07-02-2020',0,'2020-01-22 13:01:22',NULL),(459,38,'02-02-2020',0,'2020-01-22 13:01:22',NULL),(460,38,'09-02-2020',0,'2020-01-22 13:01:22',NULL),(461,38,'16-02-2020',0,'2020-01-22 13:01:22',NULL),(462,38,'23-02-2020',0,'2020-01-22 13:01:22',NULL),(463,38,'01-03-2020',0,'2020-01-22 13:01:22',NULL),(464,38,'08-03-2020',0,'2020-01-22 13:01:22',NULL),(465,38,'15-03-2020',0,'2020-01-22 13:01:22',NULL),(466,38,'22-03-2020',0,'2020-01-22 13:01:22',NULL),(467,38,'29-03-2020',0,'2020-01-22 13:01:22',NULL),(468,38,'28-03-2020',0,'2020-01-22 13:01:22',NULL),(469,38,'27-03-2020',0,'2020-01-22 13:01:22',NULL),(470,38,'20-03-2020',0,'2020-01-22 13:01:22',NULL),(471,38,'21-03-2020',0,'2020-01-22 13:01:22',NULL),(472,38,'13-03-2020',0,'2020-01-22 13:01:22',NULL),(473,38,'06-03-2020',0,'2020-01-22 13:01:22',NULL),(474,38,'07-03-2020',0,'2020-01-22 13:01:22',NULL),(475,38,'14-03-2020',0,'2020-01-22 13:01:22',NULL),(476,41,'25-01-2020',0,'2020-01-22 13:05:55',NULL),(477,41,'24-01-2020',0,'2020-01-22 13:05:55',NULL),(478,41,'31-01-2020',0,'2020-01-22 13:05:55',NULL),(479,41,'26-01-2020',0,'2020-01-22 13:05:55',NULL),(480,41,'01-02-2020',0,'2020-01-22 13:05:55',NULL),(481,41,'08-02-2020',0,'2020-01-22 13:05:55',NULL),(482,41,'15-02-2020',0,'2020-01-22 13:05:55',NULL),(483,41,'22-02-2020',0,'2020-01-22 13:05:55',NULL),(484,41,'29-02-2020',0,'2020-01-22 13:05:55',NULL),(485,41,'28-02-2020',0,'2020-01-22 13:05:55',NULL),(486,41,'21-02-2020',0,'2020-01-22 13:05:55',NULL),(487,41,'14-02-2020',0,'2020-01-22 13:05:55',NULL),(488,41,'07-02-2020',0,'2020-01-22 13:05:55',NULL),(489,41,'02-02-2020',0,'2020-01-22 13:05:55',NULL),(490,41,'09-02-2020',0,'2020-01-22 13:05:55',NULL),(491,41,'16-02-2020',0,'2020-01-22 13:05:55',NULL),(492,41,'23-02-2020',0,'2020-01-22 13:05:55',NULL),(493,41,'01-03-2020',0,'2020-01-22 13:05:55',NULL),(494,41,'08-03-2020',0,'2020-01-22 13:05:55',NULL),(495,41,'15-03-2020',0,'2020-01-22 13:05:55',NULL),(496,41,'22-03-2020',0,'2020-01-22 13:05:55',NULL),(497,41,'29-03-2020',0,'2020-01-22 13:05:55',NULL),(498,41,'28-03-2020',0,'2020-01-22 13:05:55',NULL),(499,41,'27-03-2020',0,'2020-01-22 13:05:55',NULL),(500,41,'20-03-2020',0,'2020-01-22 13:05:55',NULL),(501,41,'21-03-2020',0,'2020-01-22 13:05:55',NULL),(502,41,'13-03-2020',0,'2020-01-22 13:05:55',NULL),(503,41,'06-03-2020',0,'2020-01-22 13:05:55',NULL),(504,41,'07-03-2020',0,'2020-01-22 13:05:55',NULL),(505,41,'14-03-2020',0,'2020-01-22 13:05:55',NULL),(506,43,'16-02-2020',0,'2020-02-11 17:11:10',NULL),(507,43,'23-02-2020',0,'2020-02-11 17:11:10',NULL),(508,43,'14-02-2020',0,'2020-02-11 17:11:10',NULL),(509,43,'15-02-2020',0,'2020-02-11 17:11:10',NULL),(510,43,'22-02-2020',0,'2020-02-11 17:11:10',NULL),(511,43,'21-02-2020',0,'2020-02-11 17:11:10',NULL),(512,43,'28-02-2020',0,'2020-02-11 17:11:10',NULL),(513,43,'29-02-2020',0,'2020-02-11 17:11:10',NULL),(514,43,'01-03-2020',0,'2020-02-11 17:11:10',NULL),(515,43,'06-03-2020',0,'2020-02-11 17:11:10',NULL),(516,27,'26-01-2020',0,'2020-02-13 09:07:46',NULL),(517,27,'30-01-2020',0,'2020-02-13 09:07:46',NULL),(518,27,'01-02-2020',0,'2020-02-13 09:07:46',NULL),(519,27,'06-02-2020',0,'2020-02-13 09:07:46',NULL),(520,27,'16-02-2020',0,'2020-02-13 09:07:46',NULL),(521,27,'09-02-2020',0,'2020-02-13 09:07:46',NULL),(522,27,'02-02-2020',0,'2020-02-13 09:07:46',NULL),(523,27,'08-02-2020',0,'2020-02-13 09:07:46',NULL),(524,27,'01-03-2020',0,'2020-02-13 09:07:46',NULL),(525,27,'06-03-2020',0,'2020-02-13 09:07:46',NULL),(526,27,'07-03-2020',0,'2020-02-13 09:07:46',NULL),(527,27,'08-03-2020',0,'2020-02-13 09:07:46',NULL),(528,27,'13-03-2020',0,'2020-02-13 09:07:46',NULL),(529,27,'14-03-2020',0,'2020-02-13 09:07:46',NULL),(530,27,'15-03-2020',0,'2020-02-13 09:07:46',NULL),(531,27,'20-03-2020',0,'2020-02-13 09:07:46',NULL),(532,27,'21-03-2020',0,'2020-02-13 09:07:46',NULL),(533,27,'22-03-2020',0,'2020-02-13 09:07:46',NULL),(534,27,'27-03-2020',0,'2020-02-13 09:07:46',NULL),(535,27,'28-03-2020',0,'2020-02-13 09:07:46',NULL),(536,27,'29-03-2020',0,'2020-02-13 09:07:46',NULL);
/*!40000 ALTER TABLE `event_show_dates` ENABLE KEYS */;
UNLOCK TABLES;

--
-- Table structure for table `migrations`
--

DROP TABLE IF EXISTS `migrations`;
/*!40101 SET @saved_cs_client     = @@character_set_client */;
/*!50503 SET character_set_client = utf8mb4 */;
CREATE TABLE `migrations` (
  `id` int unsigned NOT NULL AUTO_INCREMENT,
  `migration` varchar(255) CHARACTER SET utf8mb4 COLLATE utf8mb4_unicode_ci NOT NULL,
  `batch` int NOT NULL,
  PRIMARY KEY (`id`)
) ENGINE=MyISAM DEFAULT CHARSET=utf8mb4 COLLATE=utf8mb4_unicode_ci;
/*!40101 SET character_set_client = @saved_cs_client */;

--
-- Dumping data for table `migrations`
--

LOCK TABLES `migrations` WRITE;
/*!40000 ALTER TABLE `migrations` DISABLE KEYS */;
/*!40000 ALTER TABLE `migrations` ENABLE KEYS */;
UNLOCK TABLES;

--
-- Table structure for table `payment_remainder_comments`
--

DROP TABLE IF EXISTS `payment_remainder_comments`;
/*!40101 SET @saved_cs_client     = @@character_set_client */;
/*!50503 SET character_set_client = utf8mb4 */;
CREATE TABLE `payment_remainder_comments` (
  `payment_remainder_comments_id` int NOT NULL AUTO_INCREMENT,
  `reservation_id` int DEFAULT NULL,
  `comment` text,
  `comment_by` varchar(255) DEFAULT NULL,
  `status` int DEFAULT NULL,
  `created_date` datetime DEFAULT NULL,
  `modified_date` datetime DEFAULT NULL,
  PRIMARY KEY (`payment_remainder_comments_id`)
) ENGINE=InnoDB DEFAULT CHARSET=latin1;
/*!40101 SET character_set_client = @saved_cs_client */;

--
-- Dumping data for table `payment_remainder_comments`
--

LOCK TABLES `payment_remainder_comments` WRITE;
/*!40000 ALTER TABLE `payment_remainder_comments` DISABLE KEYS */;
/*!40000 ALTER TABLE `payment_remainder_comments` ENABLE KEYS */;
UNLOCK TABLES;

--
-- Table structure for table `reservation_comments`
--

DROP TABLE IF EXISTS `reservation_comments`;
/*!40101 SET @saved_cs_client     = @@character_set_client */;
/*!50503 SET character_set_client = utf8mb4 */;
CREATE TABLE `reservation_comments` (
  `reservation_comments_id` int NOT NULL AUTO_INCREMENT,
  `reservation_id` int DEFAULT NULL,
  `comment` text,
  `comment_by` varchar(255) DEFAULT NULL,
  `submit_from` int DEFAULT NULL,
  `status` int NOT NULL DEFAULT '0',
  `created_date` datetime DEFAULT NULL,
  `modified_date` datetime DEFAULT NULL,
  PRIMARY KEY (`reservation_comments_id`)
) ENGINE=InnoDB AUTO_INCREMENT=3 DEFAULT CHARSET=latin1;
/*!40101 SET character_set_client = @saved_cs_client */;

--
-- Dumping data for table `reservation_comments`
--

LOCK TABLES `reservation_comments` WRITE;
/*!40000 ALTER TABLE `reservation_comments` DISABLE KEYS */;
INSERT INTO `reservation_comments` VALUES (1,11,'Called this client.',NULL,2,0,'2020-01-12 14:25:55',NULL),(2,11,'Called this client.',NULL,2,0,'2020-01-12 14:25:55',NULL);
/*!40000 ALTER TABLE `reservation_comments` ENABLE KEYS */;
UNLOCK TABLES;

--
-- Table structure for table `users`
--

DROP TABLE IF EXISTS `users`;
/*!40101 SET @saved_cs_client     = @@character_set_client */;
/*!50503 SET character_set_client = utf8mb4 */;
CREATE TABLE `users` (
  `id` int unsigned NOT NULL AUTO_INCREMENT,
  `name` varchar(255) CHARACTER SET utf8mb4 COLLATE utf8mb4_unicode_ci NOT NULL,
  `email` varchar(255) CHARACTER SET utf8mb4 COLLATE utf8mb4_unicode_ci NOT NULL,
  `role` int NOT NULL DEFAULT '1',
  `password` varchar(255) CHARACTER SET utf8mb4 COLLATE utf8mb4_unicode_ci NOT NULL,
  `remember_token` varchar(100) CHARACTER SET utf8mb4 COLLATE utf8mb4_unicode_ci DEFAULT NULL,
  `created_at` timestamp NULL DEFAULT NULL,
  `updated_at` timestamp NULL DEFAULT NULL,
  PRIMARY KEY (`id`)
) ENGINE=MyISAM AUTO_INCREMENT=4 DEFAULT CHARSET=utf8mb4 COLLATE=utf8mb4_unicode_ci;
/*!40101 SET character_set_client = @saved_cs_client */;

--
-- Dumping data for table `users`
--

LOCK TABLES `users` WRITE;
/*!40000 ALTER TABLE `users` DISABLE KEYS */;
INSERT INTO `users` VALUES (1,'Admin','admin@coralmint.in',1,'$2y$10$.0wyWtsXsU8WI3sPJyu4X.HBgHuQZ7wNs05ZjxOxSznlk81VWEOA2','b6Qu4PEi3gVNFYFSe76dmTimZtXeK48wzoXRmGE7mYyEEchlZpw0TZvSAr4h','2019-10-09 08:17:05','2019-10-09 08:17:05'),(2,'rajesh','vinoth@coralmint.in',1,'$2y$10$.0wyWtsXsU8WI3sPJyu4X.HBgHuQZ7wNs05ZjxOxSznlk81VWEOA2','MG4wrrMvacpJ1NS4HRvUQ5HPkiFISRrazyUYdVkhOxRXDCuAtj4vPF4qi7n3','2019-10-10 00:11:48','2019-10-10 00:11:48'),(3,'Catherine','catherine@artishow.com',1,'$2y$10$IEker1TATT3t2HCLWo/.s.s6pbkRDoIrFlw/Nrr24Q.hg/ouKgBmi','pCj4CYeJnMGBHSqHFuFqy4m4TmudZrWTfIaOIsjvsKddOJ8SxHcZH9j525Qe','2019-12-18 06:59:15','2019-12-18 06:59:15');
/*!40000 ALTER TABLE `users` ENABLE KEYS */;
UNLOCK TABLES;
/*!40103 SET TIME_ZONE=@OLD_TIME_ZONE */;

/*!40101 SET SQL_MODE=@OLD_SQL_MODE */;
/*!40014 SET FOREIGN_KEY_CHECKS=@OLD_FOREIGN_KEY_CHECKS */;
/*!40014 SET UNIQUE_CHECKS=@OLD_UNIQUE_CHECKS */;
/*!40101 SET CHARACTER_SET_CLIENT=@OLD_CHARACTER_SET_CLIENT */;
/*!40101 SET CHARACTER_SET_RESULTS=@OLD_CHARACTER_SET_RESULTS */;
/*!40101 SET COLLATION_CONNECTION=@OLD_COLLATION_CONNECTION */;
/*!40111 SET SQL_NOTES=@OLD_SQL_NOTES */;

-- Dump completed on 2020-02-22 11:56:55
